product_id,source_kind,filename,url,local_path,already_existed,selected_for_cube_file_list
OPERA_L2_RTC-S1_T014-028627-IW2_20241224T155647Z_20241225T041142Z_S1A_30_v1.0,additional,OPERA_L2_RTC-S1_T014-028627-IW2_20241224T155647Z_20241225T041142Z_S1A_30_v1.0_VH.tif,https://datapool.asf.alaska.edu/RTC/OPERA-S1/OPERA_L2_RTC-S1_T014-028627-IW2_20241224T155647Z_20241225T041142Z_S1A_30_v1.0_VH.tif,opera_burst_files\OPERA_L2_RTC-S1_T014-028627-IW2_20241224T155647Z_20241225T041142Z_S1A_30_v1.0_VH.tif,False,True
OPERA_L2_RTC-S1_T014-028627-IW2_20241212T155648Z_20241212T200404Z_S1A_30_v1.0,additional,OPERA_L2_RTC-S1_T014-028627-IW2_20241212T155648Z_20241212T200404Z_S1A_30_v1.0_VH.tif,https://datapool.asf.alaska.edu/RTC/OPERA-S1/OPERA_L2_RTC-S1_T014-028627-IW2_20241212T155648Z_20241212T200404Z_S1A_30_v1.0_VH.tif,opera_burst_files\OPERA_L2_RTC-S1_T014-028627-IW2_20241212T155648Z_20241212T200404Z_S1A_30_v1.0_VH.tif,False,True
OPERA_L2_RTC-S1_T014-028627-IW2_20230925T155655Z_20250214T231646Z_S1A_30_v1.0,additional,OPERA_L2_RTC-S1_T014-028627-IW2_20230925T155655Z_20250214T231646Z_S1A_30_v1.0_VH.tif,https://datapool.asf.alaska.edu/RTC/OPERA-S1/OPERA_L2_RTC-S1_T014-028627-IW2_20230925T155655Z_20250214T231646Z_S1A_30_v1.0_VH.tif,opera_burst_files\OPERA_L2_RTC-S1_T014-028627-IW2_20230925T155655Z_20250214T231646Z_S1A_30_v1.0_VH.tif,False,True
OPERA_L2_RTC-S1_T014-028627-IW2_20230913T155654Z_20250214T013348Z_S1A_30_v1.0,additional,OPERA_L2_RTC-S1_T014-028627-IW2_20230913T155654Z_20250214T013348Z_S1A_30_v1.0_VH.tif,https://datapool.asf.alaska.edu/RTC/OPERA-S1/OPERA_L2_RTC-S1_T014-028627-IW2_20230913T155654Z_20250214T013348Z_S1A_30_v1.0_VH.tif,opera_burst_files\OPERA_L2_RTC-S1_T014-028627-IW2_20230913T155654Z_20250214T013348Z_S1A_30_v1.0_VH.tif,False,True
OPERA_L2_RTC-S1_T014-028627-IW2_20230901T155654Z_20250213T032837Z_S1A_30_v1.0,additional,OPERA_L2_RTC-S1_T014-028627-IW2_20230901T155654Z_20250213T032837Z_S1A_30_v1.0_VH.tif,https://datapool.asf.alaska.edu/RTC/OPERA-S1/OPERA_L2_RTC-S1_T014-028627-IW2_20230901T155654Z_20250213T032837Z_S1A_30_v1.0_VH.tif,opera_burst_files\OPERA_L2_RTC-S1_T014-028627-IW2_20230901T155654Z_20250213T032837Z_S1A_30_v1.0_VH.tif,False,True
OPERA_L2_RTC-S1_T014-028627-IW2_20230808T155652Z_20250211T094244Z_S1A_30_v1.0,additional,OPERA_L2_RTC-S1_T014-028627-IW2_20230808T155652Z_20250211T094244Z_S1A_30_v1.0_VH.tif,https://datapool.asf.alaska.edu/RTC/OPERA-S1/OPERA_L2_RTC-S1_T014-028627-IW2_20230808T155652Z_20250211T094244Z_S1A_30_v1.0_VH.tif,opera_burst_files\OPERA_L2_RTC-S1_T014-028627-IW2_20230808T155652Z_20250211T094244Z_S1A_30_v1.0_VH.tif,False,True
OPERA_L2_RTC-S1_T014-028627-IW2_20230727T155652Z_20250210T081048Z_S1A_30_v1.0,additional,OPERA_L2_RTC-S1_T014-028627-IW2_20230727T155652Z_20250210T081048Z_S1A_30_v1.0_VH.tif,https://datapool.asf.alaska.edu/RTC/OPERA-S1/OPERA_L2_RTC-S1_T014-028627-IW2_20230727T155652Z_20250210T081048Z_S1A_30_v1.0_VH.tif,opera_burst_files\OPERA_L2_RTC-S1_T014-028627-IW2_20230727T155652Z_20250210T081048Z_S1A_30_v1.0_VH.tif,False,True
OPERA_L2_RTC-S1_T014-028627-IW2_20230715T155651Z_20250209T123427Z_S1A_30_v1.0,additional,OPERA_L2_RTC-S1_T014-028627-IW2_20230715T155651Z_20250209T123427Z_S1A_30_v1.0_VH.tif,https://datapool.asf.alaska.edu/RTC/OPERA-S1/OPERA_L2_RTC-S1_T014-028627-IW2_20230715T155651Z_20250209T123427Z_S1A_30_v1.0_VH.tif,opera_burst_files\OPERA_L2_RTC-S1_T014-028627-IW2_20230715T155651Z_20250209T123427Z_S1A_30_v1.0_VH.tif,False,True
OPERA_L2_RTC-S1_T014-028627-IW2_20230703T155650Z_20250208T162331Z_S1A_30_v1.0,additional,OPERA_L2_RTC-S1_T014-028627-IW2_20230703T155650Z_20250208T162331Z_S1A_30_v1.0_VH.tif,https://datapool.asf.alaska.edu/RTC/OPERA-S1/OPERA_L2_RTC-S1_T014-028627-IW2_20230703T155650Z_20250208T162331Z_S1A_30_v1.0_VH.tif,opera_burst_files\OPERA_L2_RTC-S1_T014-028627-IW2_20230703T155650Z_20250208T162331Z_S1A_30_v1.0_VH.tif,False,True
OPERA_L2_RTC-S1_T014-028627-IW2_20230621T155649Z_20250205T121703Z_S1A_30_v1.0,additional,OPERA_L2_RTC-S1_T014-028627-IW2_20230621T155649Z_20250205T121703Z_S1A_30_v1.0_VH.tif,https://datapool.asf.alaska.edu/RTC/OPERA-S1/OPERA_L2_RTC-S1_T014-028627-IW2_20230621T155649Z_20250205T121703Z_S1A_30_v1.0_VH.tif,opera_burst_files\OPERA_L2_RTC-S1_T014-028627-IW2_20230621T155649Z_20250205T121703Z_S1A_30_v1.0_VH.tif,False,True
OPERA_L2_RTC-S1_T014-028627-IW2_20230609T155649Z_20250204T155831Z_S1A_30_v1.0,additional,OPERA_L2_RTC-S1_T014-028627-IW2_20230609T155649Z_20250204T155831Z_S1A_30_v1.0_VH.tif,https://datapool.asf.alaska.edu/RTC/OPERA-S1/OPERA_L2_RTC-S1_T014-028627-IW2_20230609T155649Z_20250204T155831Z_S1A_30_v1.0_VH.tif,opera_burst_files\OPERA_L2_RTC-S1_T014-028627-IW2_20230609T155649Z_20250204T155831Z_S1A_30_v1.0_VH.tif,False,True
OPERA_L2_RTC-S1_T014-028627-IW2_20230528T155648Z_20250203T214936Z_S1A_30_v1.0,additional,OPERA_L2_RTC-S1_T014-028627-IW2_20230528T155648Z_20250203T214936Z_S1A_30_v1.0_VH.tif,https://datapool.asf.alaska.edu/RTC/OPERA-S1/OPERA_L2_RTC-S1_T014-028627-IW2_20230528T155648Z_20250203T214936Z_S1A_30_v1.0_VH.tif,opera_burst_files\OPERA_L2_RTC-S1_T014-028627-IW2_20230528T155648Z_20250203T214936Z_S1A_30_v1.0_VH.tif,False,True
OPERA_L2_RTC-S1_T014-028627-IW2_20230516T155648Z_20250203T011127Z_S1A_30_v1.0,additional,OPERA_L2_RTC-S1_T014-028627-IW2_20230516T155648Z_20250203T011127Z_S1A_30_v1.0_VH.tif,https://datapool.asf.alaska.edu/RTC/OPERA-S1/OPERA_L2_RTC-S1_T014-028627-IW2_20230516T155648Z_20250203T011127Z_S1A_30_v1.0_VH.tif,opera_burst_files\OPERA_L2_RTC-S1_T014-028627-IW2_20230516T155648Z_20250203T011127Z_S1A_30_v1.0_VH.tif,False,True
OPERA_L2_RTC-S1_T014-028627-IW2_20230504T155647Z_20250202T055001Z_S1A_30_v1.0,additional,OPERA_L2_RTC-S1_T014-028627-IW2_20230504T155647Z_20250202T055001Z_S1A_30_v1.0_VH.tif,https://datapool.asf.alaska.edu/RTC/OPERA-S1/OPERA_L2_RTC-S1_T014-028627-IW2_20230504T155647Z_20250202T055001Z_S1A_30_v1.0_VH.tif,opera_burst_files\OPERA_L2_RTC-S1_T014-028627-IW2_20230504T155647Z_20250202T055001Z_S1A_30_v1.0_VH.tif,False,True
OPERA_L2_RTC-S1_T014-028627-IW2_20230422T155646Z_20250201T103148Z_S1A_30_v1.0,additional,OPERA_L2_RTC-S1_T014-028627-IW2_20230422T155646Z_20250201T103148Z_S1A_30_v1.0_VH.tif,https://datapool.asf.alaska.edu/RTC/OPERA-S1/OPERA_L2_RTC-S1_T014-028627-IW2_20230422T155646Z_20250201T103148Z_S1A_30_v1.0_VH.tif,opera_burst_files\OPERA_L2_RTC-S1_T014-028627-IW2_20230422T155646Z_20250201T103148Z_S1A_30_v1.0_VH.tif,False,True
OPERA_L2_RTC-S1_T014-028627-IW2_20230410T155646Z_20250131T150551Z_S1A_30_v1.0,additional,OPERA_L2_RTC-S1_T014-028627-IW2_20230410T155646Z_20250131T150551Z_S1A_30_v1.0_VH.tif,https://datapool.asf.alaska.edu/RTC/OPERA-S1/OPERA_L2_RTC-S1_T014-028627-IW2_20230410T155646Z_20250131T150551Z_S1A_30_v1.0_VH.tif,opera_burst_files\OPERA_L2_RTC-S1_T014-028627-IW2_20230410T155646Z_20250131T150551Z_S1A_30_v1.0_VH.tif,False,True
OPERA_L2_RTC-S1_T014-028627-IW2_20230329T155645Z_20250127T123525Z_S1A_30_v1.0,additional,OPERA_L2_RTC-S1_T014-028627-IW2_20230329T155645Z_20250127T123525Z_S1A_30_v1.0_VH.tif,https://datapool.asf.alaska.edu/RTC/OPERA-S1/OPERA_L2_RTC-S1_T014-028627-IW2_20230329T155645Z_20250127T123525Z_S1A_30_v1.0_VH.tif,opera_burst_files\OPERA_L2_RTC-S1_T014-028627-IW2_20230329T155645Z_20250127T123525Z_S1A_30_v1.0_VH.tif,False,True
OPERA_L2_RTC-S1_T014-028627-IW2_20230317T155645Z_20250126T050902Z_S1A_30_v1.0,additional,OPERA_L2_RTC-S1_T014-028627-IW2_20230317T155645Z_20250126T050902Z_S1A_30_v1.0_VH.tif,https://datapool.asf.alaska.edu/RTC/OPERA-S1/OPERA_L2_RTC-S1_T014-028627-IW2_20230317T155645Z_20250126T050902Z_S1A_30_v1.0_VH.tif,opera_burst_files\OPERA_L2_RTC-S1_T014-028627-IW2_20230317T155645Z_20250126T050902Z_S1A_30_v1.0_VH.tif,False,True
OPERA_L2_RTC-S1_T014-028627-IW2_20230305T155645Z_20250124T224310Z_S1A_30_v1.0,additional,OPERA_L2_RTC-S1_T014-028627-IW2_20230305T155645Z_20250124T224310Z_S1A_30_v1.0_VH.tif,https://datapool.asf.alaska.edu/RTC/OPERA-S1/OPERA_L2_RTC-S1_T014-028627-IW2_20230305T155645Z_20250124T224310Z_S1A_30_v1.0_VH.tif,opera_burst_files\OPERA_L2_RTC-S1_T014-028627-IW2_20230305T155645Z_20250124T224310Z_S1A_30_v1.0_VH.tif,False,True
OPERA_L2_RTC-S1_T014-028627-IW2_20230221T155645Z_20250123T155425Z_S1A_30_v1.0,additional,OPERA_L2_RTC-S1_T014-028627-IW2_20230221T155645Z_20250123T155425Z_S1A_30_v1.0_VH.tif,https://datapool.asf.alaska.edu/RTC/OPERA-S1/OPERA_L2_RTC-S1_T014-028627-IW2_20230221T155645Z_20250123T155425Z_S1A_30_v1.0_VH.tif,opera_burst_files\OPERA_L2_RTC-S1_T014-028627-IW2_20230221T155645Z_20250123T155425Z_S1A_30_v1.0_VH.tif,False,True
OPERA_L2_RTC-S1_T014-028627-IW2_20230209T155645Z_20250122T091752Z_S1A_30_v1.0,additional,OPERA_L2_RTC-S1_T014-028627-IW2_20230209T155645Z_20250122T091752Z_S1A_30_v1.0_VH.tif,https://datapool.asf.alaska.edu/RTC/OPERA-S1/OPERA_L2_RTC-S1_T014-028627-IW2_20230209T155645Z_20250122T091752Z_S1A_30_v1.0_VH.tif,opera_burst_files\OPERA_L2_RTC-S1_T014-028627-IW2_20230209T155645Z_20250122T091752Z_S1A_30_v1.0_VH.tif,False,True
OPERA_L2_RTC-S1_T014-028627-IW2_20230128T155646Z_20250121T025211Z_S1A_30_v1.0,additional,OPERA_L2_RTC-S1_T014-028627-IW2_20230128T155646Z_20250121T025211Z_S1A_30_v1.0_VH.tif,https://datapool.asf.alaska.edu/RTC/OPERA-S1/OPERA_L2_RTC-S1_T014-028627-IW2_20230128T155646Z_20250121T025211Z_S1A_30_v1.0_VH.tif,opera_burst_files\OPERA_L2_RTC-S1_T014-028627-IW2_20230128T155646Z_20250121T025211Z_S1A_30_v1.0_VH.tif,False,True
OPERA_L2_RTC-S1_T014-028627-IW2_20230116T155646Z_20250119T202412Z_S1A_30_v1.0,additional,OPERA_L2_RTC-S1_T014-028627-IW2_20230116T155646Z_20250119T202412Z_S1A_30_v1.0_VH.tif,https://datapool.asf.alaska.edu/RTC/OPERA-S1/OPERA_L2_RTC-S1_T014-028627-IW2_20230116T155646Z_20250119T202412Z_S1A_30_v1.0_VH.tif,opera_burst_files\OPERA_L2_RTC-S1_T014-028627-IW2_20230116T155646Z_20250119T202412Z_S1A_30_v1.0_VH.tif,False,True
OPERA_L2_RTC-S1_T014-028627-IW2_20230104T155647Z_20250118T134701Z_S1A_30_v1.0,additional,OPERA_L2_RTC-S1_T014-028627-IW2_20230104T155647Z_20250118T134701Z_S1A_30_v1.0_VH.tif,https://datapool.asf.alaska.edu/RTC/OPERA-S1/OPERA_L2_RTC-S1_T014-028627-IW2_20230104T155647Z_20250118T134701Z_S1A_30_v1.0_VH.tif,opera_burst_files\OPERA_L2_RTC-S1_T014-028627-IW2_20230104T155647Z_20250118T134701Z_S1A_30_v1.0_VH.tif,False,True
OPERA_L2_RTC-S1_T014-028627-IW2_20221223T155647Z_20250302T014501Z_S1A_30_v1.0,additional,OPERA_L2_RTC-S1_T014-028627-IW2_20221223T155647Z_20250302T014501Z_S1A_30_v1.0_VH.tif,https://datapool.asf.alaska.edu/RTC/OPERA-S1/OPERA_L2_RTC-S1_T014-028627-IW2_20221223T155647Z_20250302T014501Z_S1A_30_v1.0_VH.tif,opera_burst_files\OPERA_L2_RTC-S1_T014-028627-IW2_20221223T155647Z_20250302T014501Z_S1A_30_v1.0_VH.tif,False,True
OPERA_L2_RTC-S1_T014-028627-IW2_20221211T155648Z_20250301T161323Z_S1A_30_v1.0,additional,OPERA_L2_RTC-S1_T014-028627-IW2_20221211T155648Z_20250301T161323Z_S1A_30_v1.0_VH.tif,https://datapool.asf.alaska.edu/RTC/OPERA-S1/OPERA_L2_RTC-S1_T014-028627-IW2_20221211T155648Z_20250301T161323Z_S1A_30_v1.0_VH.tif,opera_burst_files\OPERA_L2_RTC-S1_T014-028627-IW2_20221211T155648Z_20250301T161323Z_S1A_30_v1.0_VH.tif,False,True
OPERA_L2_RTC-S1_T014-028627-IW2_20221129T155649Z_20250228T164707Z_S1A_30_v1.0,additional,OPERA_L2_RTC-S1_T014-028627-IW2_20221129T155649Z_20250228T164707Z_S1A_30_v1.0_VH.tif,https://datapool.asf.alaska.edu/RTC/OPERA-S1/OPERA_L2_RTC-S1_T014-028627-IW2_20221129T155649Z_20250228T164707Z_S1A_30_v1.0_VH.tif,opera_burst_files\OPERA_L2_RTC-S1_T014-028627-IW2_20221129T155649Z_20250228T164707Z_S1A_30_v1.0_VH.tif,False,True
OPERA_L2_RTC-S1_T014-028627-IW2_20221117T155649Z_20250223T055405Z_S1A_30_v1.0,additional,OPERA_L2_RTC-S1_T014-028627-IW2_20221117T155649Z_20250223T055405Z_S1A_30_v1.0_VH.tif,https://datapool.asf.alaska.edu/RTC/OPERA-S1/OPERA_L2_RTC-S1_T014-028627-IW2_20221117T155649Z_20250223T055405Z_S1A_30_v1.0_VH.tif,opera_burst_files\OPERA_L2_RTC-S1_T014-028627-IW2_20221117T155649Z_20250223T055405Z_S1A_30_v1.0_VH.tif,False,True
OPERA_L2_RTC-S1_T014-028627-IW2_20221105T155649Z_20250222T083828Z_S1A_30_v1.0,additional,OPERA_L2_RTC-S1_T014-028627-IW2_20221105T155649Z_20250222T083828Z_S1A_30_v1.0_VH.tif,https://datapool.asf.alaska.edu/RTC/OPERA-S1/OPERA_L2_RTC-S1_T014-028627-IW2_20221105T155649Z_20250222T083828Z_S1A_30_v1.0_VH.tif,opera_burst_files\OPERA_L2_RTC-S1_T014-028627-IW2_20221105T155649Z_20250222T083828Z_S1A_30_v1.0_VH.tif,False,True
OPERA_L2_RTC-S1_T014-028627-IW2_20221024T155650Z_20250221T115040Z_S1A_30_v1.0,additional,OPERA_L2_RTC-S1_T014-028627-IW2_20221024T155650Z_20250221T115040Z_S1A_30_v1.0_VH.tif,https://datapool.asf.alaska.edu/RTC/OPERA-S1/OPERA_L2_RTC-S1_T014-028627-IW2_20221024T155650Z_20250221T115040Z_S1A_30_v1.0_VH.tif,opera_burst_files\OPERA_L2_RTC-S1_T014-028627-IW2_20221024T155650Z_20250221T115040Z_S1A_30_v1.0_VH.tif,False,True
OPERA_L2_RTC-S1_T014-028627-IW2_20221012T155649Z_20250220T163514Z_S1A_30_v1.0,additional,OPERA_L2_RTC-S1_T014-028627-IW2_20221012T155649Z_20250220T163514Z_S1A_30_v1.0_VH.tif,https://datapool.asf.alaska.edu/RTC/OPERA-S1/OPERA_L2_RTC-S1_T014-028627-IW2_20221012T155649Z_20250220T163514Z_S1A_30_v1.0_VH.tif,opera_burst_files\OPERA_L2_RTC-S1_T014-028627-IW2_20221012T155649Z_20250220T163514Z_S1A_30_v1.0_VH.tif,False,True
OPERA_L2_RTC-S1_T014-028627-IW2_20220930T155650Z_20250219T144015Z_S1A_30_v1.0,additional,OPERA_L2_RTC-S1_T014-028627-IW2_20220930T155650Z_20250219T144015Z_S1A_30_v1.0_VH.tif,https://datapool.asf.alaska.edu/RTC/OPERA-S1/OPERA_L2_RTC-S1_T014-028627-IW2_20220930T155650Z_20250219T144015Z_S1A_30_v1.0_VH.tif,opera_burst_files\OPERA_L2_RTC-S1_T014-028627-IW2_20220930T155650Z_20250219T144015Z_S1A_30_v1.0_VH.tif,False,True
OPERA_L2_RTC-S1_T014-028627-IW2_20220918T155649Z_20250218T164148Z_S1A_30_v1.0,additional,OPERA_L2_RTC-S1_T014-028627-IW2_20220918T155649Z_20250218T164148Z_S1A_30_v1.0_VH.tif,https://datapool.asf.alaska.edu/RTC/OPERA-S1/OPERA_L2_RTC-S1_T014-028627-IW2_20220918T155649Z_20250218T164148Z_S1A_30_v1.0_VH.tif,opera_burst_files\OPERA_L2_RTC-S1_T014-028627-IW2_20220918T155649Z_20250218T164148Z_S1A_30_v1.0_VH.tif,False,True
OPERA_L2_RTC-S1_T014-028627-IW2_20220906T155649Z_20250217T210513Z_S1A_30_v1.0,additional,OPERA_L2_RTC-S1_T014-028627-IW2_20220906T155649Z_20250217T210513Z_S1A_30_v1.0_VH.tif,https://datapool.asf.alaska.edu/RTC/OPERA-S1/OPERA_L2_RTC-S1_T014-028627-IW2_20220906T155649Z_20250217T210513Z_S1A_30_v1.0_VH.tif,opera_burst_files\OPERA_L2_RTC-S1_T014-028627-IW2_20220906T155649Z_20250217T210513Z_S1A_30_v1.0_VH.tif,False,True
OPERA_L2_RTC-S1_T014-028627-IW2_20220825T155648Z_20250217T013258Z_S1A_30_v1.0,additional,OPERA_L2_RTC-S1_T014-028627-IW2_20220825T155648Z_20250217T013258Z_S1A_30_v1.0_VH.tif,https://datapool.asf.alaska.edu/RTC/OPERA-S1/OPERA_L2_RTC-S1_T014-028627-IW2_20220825T155648Z_20250217T013258Z_S1A_30_v1.0_VH.tif,opera_burst_files\OPERA_L2_RTC-S1_T014-028627-IW2_20220825T155648Z_20250217T013258Z_S1A_30_v1.0_VH.tif,False,True
OPERA_L2_RTC-S1_T014-028627-IW2_20220813T155648Z_20250216T073642Z_S1A_30_v1.0,additional,OPERA_L2_RTC-S1_T014-028627-IW2_20220813T155648Z_20250216T073642Z_S1A_30_v1.0_VH.tif,https://datapool.asf.alaska.edu/RTC/OPERA-S1/OPERA_L2_RTC-S1_T014-028627-IW2_20220813T155648Z_20250216T073642Z_S1A_30_v1.0_VH.tif,opera_burst_files\OPERA_L2_RTC-S1_T014-028627-IW2_20220813T155648Z_20250216T073642Z_S1A_30_v1.0_VH.tif,False,True
OPERA_L2_RTC-S1_T014-028627-IW2_20220801T155647Z_20250215T130340Z_S1A_30_v1.0,additional,OPERA_L2_RTC-S1_T014-028627-IW2_20220801T155647Z_20250215T130340Z_S1A_30_v1.0_VH.tif,https://datapool.asf.alaska.edu/RTC/OPERA-S1/OPERA_L2_RTC-S1_T014-028627-IW2_20220801T155647Z_20250215T130340Z_S1A_30_v1.0_VH.tif,opera_burst_files\OPERA_L2_RTC-S1_T014-028627-IW2_20220801T155647Z_20250215T130340Z_S1A_30_v1.0_VH.tif,False,True
OPERA_L2_RTC-S1_T014-028627-IW2_20220720T155646Z_20250107T214124Z_S1A_30_v1.0,additional,OPERA_L2_RTC-S1_T014-028627-IW2_20220720T155646Z_20250107T214124Z_S1A_30_v1.0_VH.tif,https://datapool.asf.alaska.edu/RTC/OPERA-S1/OPERA_L2_RTC-S1_T014-028627-IW2_20220720T155646Z_20250107T214124Z_S1A_30_v1.0_VH.tif,opera_burst_files\OPERA_L2_RTC-S1_T014-028627-IW2_20220720T155646Z_20250107T214124Z_S1A_30_v1.0_VH.tif,False,True
OPERA_L2_RTC-S1_T014-028627-IW2_20220708T155646Z_20250117T023544Z_S1A_30_v1.0,additional,OPERA_L2_RTC-S1_T014-028627-IW2_20220708T155646Z_20250117T023544Z_S1A_30_v1.0_VH.tif,https://datapool.asf.alaska.edu/RTC/OPERA-S1/OPERA_L2_RTC-S1_T014-028627-IW2_20220708T155646Z_20250117T023544Z_S1A_30_v1.0_VH.tif,opera_burst_files\OPERA_L2_RTC-S1_T014-028627-IW2_20220708T155646Z_20250117T023544Z_S1A_30_v1.0_VH.tif,False,True
OPERA_L2_RTC-S1_T014-028627-IW2_20220626T155645Z_20250116T185310Z_S1A_30_v1.0,additional,OPERA_L2_RTC-S1_T014-028627-IW2_20220626T155645Z_20250116T185310Z_S1A_30_v1.0_VH.tif,https://datapool.asf.alaska.edu/RTC/OPERA-S1/OPERA_L2_RTC-S1_T014-028627-IW2_20220626T155645Z_20250116T185310Z_S1A_30_v1.0_VH.tif,opera_burst_files\OPERA_L2_RTC-S1_T014-028627-IW2_20220626T155645Z_20250116T185310Z_S1A_30_v1.0_VH.tif,False,True
OPERA_L2_RTC-S1_T014-028627-IW2_20220614T155644Z_20250115T214349Z_S1A_30_v1.0,additional,OPERA_L2_RTC-S1_T014-028627-IW2_20220614T155644Z_20250115T214349Z_S1A_30_v1.0_VH.tif,https://datapool.asf.alaska.edu/RTC/OPERA-S1/OPERA_L2_RTC-S1_T014-028627-IW2_20220614T155644Z_20250115T214349Z_S1A_30_v1.0_VH.tif,opera_burst_files\OPERA_L2_RTC-S1_T014-028627-IW2_20220614T155644Z_20250115T214349Z_S1A_30_v1.0_VH.tif,False,True
OPERA_L2_RTC-S1_T014-028627-IW2_20220602T155643Z_20250116T131059Z_S1A_30_v1.0,additional,OPERA_L2_RTC-S1_T014-028627-IW2_20220602T155643Z_20250116T131059Z_S1A_30_v1.0_VH.tif,https://datapool.asf.alaska.edu/RTC/OPERA-S1/OPERA_L2_RTC-S1_T014-028627-IW2_20220602T155643Z_20250116T131059Z_S1A_30_v1.0_VH.tif,opera_burst_files\OPERA_L2_RTC-S1_T014-028627-IW2_20220602T155643Z_20250116T131059Z_S1A_30_v1.0_VH.tif,False,True
OPERA_L2_RTC-S1_T014-028627-IW2_20220521T155642Z_20250113T231807Z_S1A_30_v1.0,additional,OPERA_L2_RTC-S1_T014-028627-IW2_20220521T155642Z_20250113T231807Z_S1A_30_v1.0_VH.tif,https://datapool.asf.alaska.edu/RTC/OPERA-S1/OPERA_L2_RTC-S1_T014-028627-IW2_20220521T155642Z_20250113T231807Z_S1A_30_v1.0_VH.tif,opera_burst_files\OPERA_L2_RTC-S1_T014-028627-IW2_20220521T155642Z_20250113T231807Z_S1A_30_v1.0_VH.tif,False,True
OPERA_L2_RTC-S1_T014-028627-IW2_20220509T155641Z_20241231T060913Z_S1A_30_v1.0,additional,OPERA_L2_RTC-S1_T014-028627-IW2_20220509T155641Z_20241231T060913Z_S1A_30_v1.0_VH.tif,https://datapool.asf.alaska.edu/RTC/OPERA-S1/OPERA_L2_RTC-S1_T014-028627-IW2_20220509T155641Z_20241231T060913Z_S1A_30_v1.0_VH.tif,opera_burst_files\OPERA_L2_RTC-S1_T014-028627-IW2_20220509T155641Z_20241231T060913Z_S1A_30_v1.0_VH.tif,False,True
OPERA_L2_RTC-S1_T014-028627-IW2_20220427T155641Z_20241229T234906Z_S1A_30_v1.0,additional,OPERA_L2_RTC-S1_T014-028627-IW2_20220427T155641Z_20241229T234906Z_S1A_30_v1.0_VH.tif,https://datapool.asf.alaska.edu/RTC/OPERA-S1/OPERA_L2_RTC-S1_T014-028627-IW2_20220427T155641Z_20241229T234906Z_S1A_30_v1.0_VH.tif,opera_burst_files\OPERA_L2_RTC-S1_T014-028627-IW2_20220427T155641Z_20241229T234906Z_S1A_30_v1.0_VH.tif,False,True
OPERA_L2_RTC-S1_T014-028627-IW2_20220415T155640Z_20241228T170925Z_S1A_30_v1.0,additional,OPERA_L2_RTC-S1_T014-028627-IW2_20220415T155640Z_20241228T170925Z_S1A_30_v1.0_VH.tif,https://datapool.asf.alaska.edu/RTC/OPERA-S1/OPERA_L2_RTC-S1_T014-028627-IW2_20220415T155640Z_20241228T170925Z_S1A_30_v1.0_VH.tif,opera_burst_files\OPERA_L2_RTC-S1_T014-028627-IW2_20220415T155640Z_20241228T170925Z_S1A_30_v1.0_VH.tif,False,True
OPERA_L2_RTC-S1_T014-028627-IW2_20220403T155640Z_20241227T104017Z_S1A_30_v1.0,additional,OPERA_L2_RTC-S1_T014-028627-IW2_20220403T155640Z_20241227T104017Z_S1A_30_v1.0_VH.tif,https://datapool.asf.alaska.edu/RTC/OPERA-S1/OPERA_L2_RTC-S1_T014-028627-IW2_20220403T155640Z_20241227T104017Z_S1A_30_v1.0_VH.tif,opera_burst_files\OPERA_L2_RTC-S1_T014-028627-IW2_20220403T155640Z_20241227T104017Z_S1A_30_v1.0_VH.tif,False,True
OPERA_L2_RTC-S1_T014-028627-IW2_20220322T155640Z_20241226T040412Z_S1A_30_v1.0,additional,OPERA_L2_RTC-S1_T014-028627-IW2_20220322T155640Z_20241226T040412Z_S1A_30_v1.0_VH.tif,https://datapool.asf.alaska.edu/RTC/OPERA-S1/OPERA_L2_RTC-S1_T014-028627-IW2_20220322T155640Z_20241226T040412Z_S1A_30_v1.0_VH.tif,opera_burst_files\OPERA_L2_RTC-S1_T014-028627-IW2_20220322T155640Z_20241226T040412Z_S1A_30_v1.0_VH.tif,False,True
OPERA_L2_RTC-S1_T014-028627-IW2_20220310T155640Z_20241225T001609Z_S1A_30_v1.0,additional,OPERA_L2_RTC-S1_T014-028627-IW2_20220310T155640Z_20241225T001609Z_S1A_30_v1.0_VH.tif,https://datapool.asf.alaska.edu/RTC/OPERA-S1/OPERA_L2_RTC-S1_T014-028627-IW2_20220310T155640Z_20241225T001609Z_S1A_30_v1.0_VH.tif,opera_burst_files\OPERA_L2_RTC-S1_T014-028627-IW2_20220310T155640Z_20241225T001609Z_S1A_30_v1.0_VH.tif,False,True
OPERA_L2_RTC-S1_T014-028627-IW2_20220226T155640Z_20241224T071155Z_S1A_30_v1.0,additional,OPERA_L2_RTC-S1_T014-028627-IW2_20220226T155640Z_20241224T071155Z_S1A_30_v1.0_VH.tif,https://datapool.asf.alaska.edu/RTC/OPERA-S1/OPERA_L2_RTC-S1_T014-028627-IW2_20220226T155640Z_20241224T071155Z_S1A_30_v1.0_VH.tif,opera_burst_files\OPERA_L2_RTC-S1_T014-028627-IW2_20220226T155640Z_20241224T071155Z_S1A_30_v1.0_VH.tif,False,True
OPERA_L2_RTC-S1_T014-028627-IW2_20220214T155640Z_20241222T080941Z_S1A_30_v1.0,additional,OPERA_L2_RTC-S1_T014-028627-IW2_20220214T155640Z_20241222T080941Z_S1A_30_v1.0_VH.tif,https://datapool.asf.alaska.edu/RTC/OPERA-S1/OPERA_L2_RTC-S1_T014-028627-IW2_20220214T155640Z_20241222T080941Z_S1A_30_v1.0_VH.tif,opera_burst_files\OPERA_L2_RTC-S1_T014-028627-IW2_20220214T155640Z_20241222T080941Z_S1A_30_v1.0_VH.tif,False,True
OPERA_L2_RTC-S1_T014-028627-IW2_20220202T155640Z_20241221T003535Z_S1A_30_v1.0,additional,OPERA_L2_RTC-S1_T014-028627-IW2_20220202T155640Z_20241221T003535Z_S1A_30_v1.0_VH.tif,https://datapool.asf.alaska.edu/RTC/OPERA-S1/OPERA_L2_RTC-S1_T014-028627-IW2_20220202T155640Z_20241221T003535Z_S1A_30_v1.0_VH.tif,opera_burst_files\OPERA_L2_RTC-S1_T014-028627-IW2_20220202T155640Z_20241221T003535Z_S1A_30_v1.0_VH.tif,False,True
OPERA_L2_RTC-S1_T014-028627-IW2_20220121T155640Z_20241220T110925Z_S1A_30_v1.0,additional,OPERA_L2_RTC-S1_T014-028627-IW2_20220121T155640Z_20241220T110925Z_S1A_30_v1.0_VH.tif,https://datapool.asf.alaska.edu/RTC/OPERA-S1/OPERA_L2_RTC-S1_T014-028627-IW2_20220121T155640Z_20241220T110925Z_S1A_30_v1.0_VH.tif,opera_burst_files\OPERA_L2_RTC-S1_T014-028627-IW2_20220121T155640Z_20241220T110925Z_S1A_30_v1.0_VH.tif,False,True
OPERA_L2_RTC-S1_T014-028627-IW2_20220109T155641Z_20241218T092926Z_S1A_30_v1.0,additional,OPERA_L2_RTC-S1_T014-028627-IW2_20220109T155641Z_20241218T092926Z_S1A_30_v1.0_VH.tif,https://datapool.asf.alaska.edu/RTC/OPERA-S1/OPERA_L2_RTC-S1_T014-028627-IW2_20220109T155641Z_20241218T092926Z_S1A_30_v1.0_VH.tif,opera_burst_files\OPERA_L2_RTC-S1_T014-028627-IW2_20220109T155641Z_20241218T092926Z_S1A_30_v1.0_VH.tif,False,True
OPERA_L2_RTC-S1_T014-028627-IW2_20211228T155641Z_20250829T193202Z_S1A_30_v1.0,additional,OPERA_L2_RTC-S1_T014-028627-IW2_20211228T155641Z_20250829T193202Z_S1A_30_v1.0_VH.tif,https://cumulus.asf.earthdatacloud.nasa.gov/OPERA/OPERA_L2_RTC-S1/OPERA_L2_RTC-S1_T014-028627-IW2_20211228T155641Z_20250829T193202Z_S1A_30_v1.0/OPERA_L2_RTC-S1_T014-028627-IW2_20211228T155641Z_20250829T193202Z_S1A_30_v1.0_VH.tif,opera_burst_files\OPERA_L2_RTC-S1_T014-028627-IW2_20211228T155641Z_20250829T193202Z_S1A_30_v1.0_VH.tif,False,True
OPERA_L2_RTC-S1_T014-028627-IW2_20211216T155642Z_20250829T223718Z_S1A_30_v1.0,additional,OPERA_L2_RTC-S1_T014-028627-IW2_20211216T155642Z_20250829T223718Z_S1A_30_v1.0_VH.tif,https://cumulus.asf.earthdatacloud.nasa.gov/OPERA/OPERA_L2_RTC-S1/OPERA_L2_RTC-S1_T014-028627-IW2_20211216T155642Z_20250829T223718Z_S1A_30_v1.0/OPERA_L2_RTC-S1_T014-028627-IW2_20211216T155642Z_20250829T223718Z_S1A_30_v1.0_VH.tif,opera_burst_files\OPERA_L2_RTC-S1_T014-028627-IW2_20211216T155642Z_20250829T223718Z_S1A_30_v1.0_VH.tif,False,True
OPERA_L2_RTC-S1_T014-028627-IW2_20211122T155643Z_20250830T103231Z_S1A_30_v1.0,additional,OPERA_L2_RTC-S1_T014-028627-IW2_20211122T155643Z_20250830T103231Z_S1A_30_v1.0_VH.tif,https://cumulus.asf.earthdatacloud.nasa.gov/OPERA/OPERA_L2_RTC-S1/OPERA_L2_RTC-S1_T014-028627-IW2_20211122T155643Z_20250830T103231Z_S1A_30_v1.0/OPERA_L2_RTC-S1_T014-028627-IW2_20211122T155643Z_20250830T103231Z_S1A_30_v1.0_VH.tif,opera_burst_files\OPERA_L2_RTC-S1_T014-028627-IW2_20211122T155643Z_20250830T103231Z_S1A_30_v1.0_VH.tif,False,True
OPERA_L2_RTC-S1_T014-028627-IW2_20211110T155643Z_20250830T153654Z_S1A_30_v1.0,additional,OPERA_L2_RTC-S1_T014-028627-IW2_20211110T155643Z_20250830T153654Z_S1A_30_v1.0_VH.tif,https://cumulus.asf.earthdatacloud.nasa.gov/OPERA/OPERA_L2_RTC-S1/OPERA_L2_RTC-S1_T014-028627-IW2_20211110T155643Z_20250830T153654Z_S1A_30_v1.0/OPERA_L2_RTC-S1_T014-028627-IW2_20211110T155643Z_20250830T153654Z_S1A_30_v1.0_VH.tif,opera_burst_files\OPERA_L2_RTC-S1_T014-028627-IW2_20211110T155643Z_20250830T153654Z_S1A_30_v1.0_VH.tif,False,True
OPERA_L2_RTC-S1_T014-028627-IW2_20211029T155644Z_20250830T210108Z_S1A_30_v1.0,additional,OPERA_L2_RTC-S1_T014-028627-IW2_20211029T155644Z_20250830T210108Z_S1A_30_v1.0_VH.tif,https://cumulus.asf.earthdatacloud.nasa.gov/OPERA/OPERA_L2_RTC-S1/OPERA_L2_RTC-S1_T014-028627-IW2_20211029T155644Z_20250830T210108Z_S1A_30_v1.0/OPERA_L2_RTC-S1_T014-028627-IW2_20211029T155644Z_20250830T210108Z_S1A_30_v1.0_VH.tif,opera_burst_files\OPERA_L2_RTC-S1_T014-028627-IW2_20211029T155644Z_20250830T210108Z_S1A_30_v1.0_VH.tif,False,True
OPERA_L2_RTC-S1_T014-028627-IW2_20211017T155644Z_20250831T021537Z_S1A_30_v1.0,additional,OPERA_L2_RTC-S1_T014-028627-IW2_20211017T155644Z_20250831T021537Z_S1A_30_v1.0_VH.tif,https://cumulus.asf.earthdatacloud.nasa.gov/OPERA/OPERA_L2_RTC-S1/OPERA_L2_RTC-S1_T014-028627-IW2_20211017T155644Z_20250831T021537Z_S1A_30_v1.0/OPERA_L2_RTC-S1_T014-028627-IW2_20211017T155644Z_20250831T021537Z_S1A_30_v1.0_VH.tif,opera_burst_files\OPERA_L2_RTC-S1_T014-028627-IW2_20211017T155644Z_20250831T021537Z_S1A_30_v1.0_VH.tif,False,True
OPERA_L2_RTC-S1_T014-028627-IW2_20211005T155644Z_20250831T072438Z_S1A_30_v1.0,additional,OPERA_L2_RTC-S1_T014-028627-IW2_20211005T155644Z_20250831T072438Z_S1A_30_v1.0_VH.tif,https://cumulus.asf.earthdatacloud.nasa.gov/OPERA/OPERA_L2_RTC-S1/OPERA_L2_RTC-S1_T014-028627-IW2_20211005T155644Z_20250831T072438Z_S1A_30_v1.0/OPERA_L2_RTC-S1_T014-028627-IW2_20211005T155644Z_20250831T072438Z_S1A_30_v1.0_VH.tif,opera_burst_files\OPERA_L2_RTC-S1_T014-028627-IW2_20211005T155644Z_20250831T072438Z_S1A_30_v1.0_VH.tif,False,True
OPERA_L2_RTC-S1_T014-028627-IW2_20210923T155643Z_20250831T122413Z_S1A_30_v1.0,additional,OPERA_L2_RTC-S1_T014-028627-IW2_20210923T155643Z_20250831T122413Z_S1A_30_v1.0_VH.tif,https://cumulus.asf.earthdatacloud.nasa.gov/OPERA/OPERA_L2_RTC-S1/OPERA_L2_RTC-S1_T014-028627-IW2_20210923T155643Z_20250831T122413Z_S1A_30_v1.0/OPERA_L2_RTC-S1_T014-028627-IW2_20210923T155643Z_20250831T122413Z_S1A_30_v1.0_VH.tif,opera_burst_files\OPERA_L2_RTC-S1_T014-028627-IW2_20210923T155643Z_20250831T122413Z_S1A_30_v1.0_VH.tif,False,True
OPERA_L2_RTC-S1_T014-028627-IW2_20210911T155643Z_20250831T173510Z_S1A_30_v1.0,additional,OPERA_L2_RTC-S1_T014-028627-IW2_20210911T155643Z_20250831T173510Z_S1A_30_v1.0_VH.tif,https://cumulus.asf.earthdatacloud.nasa.gov/OPERA/OPERA_L2_RTC-S1/OPERA_L2_RTC-S1_T014-028627-IW2_20210911T155643Z_20250831T173510Z_S1A_30_v1.0/OPERA_L2_RTC-S1_T014-028627-IW2_20210911T155643Z_20250831T173510Z_S1A_30_v1.0_VH.tif,opera_burst_files\OPERA_L2_RTC-S1_T014-028627-IW2_20210911T155643Z_20250831T173510Z_S1A_30_v1.0_VH.tif,False,True
OPERA_L2_RTC-S1_T014-028627-IW2_20210830T155642Z_20250831T230037Z_S1A_30_v1.0,additional,OPERA_L2_RTC-S1_T014-028627-IW2_20210830T155642Z_20250831T230037Z_S1A_30_v1.0_VH.tif,https://cumulus.asf.earthdatacloud.nasa.gov/OPERA/OPERA_L2_RTC-S1/OPERA_L2_RTC-S1_T014-028627-IW2_20210830T155642Z_20250831T230037Z_S1A_30_v1.0/OPERA_L2_RTC-S1_T014-028627-IW2_20210830T155642Z_20250831T230037Z_S1A_30_v1.0_VH.tif,opera_burst_files\OPERA_L2_RTC-S1_T014-028627-IW2_20210830T155642Z_20250831T230037Z_S1A_30_v1.0_VH.tif,False,True
OPERA_L2_RTC-S1_T014-028627-IW2_20210818T155642Z_20250901T041233Z_S1A_30_v1.0,additional,OPERA_L2_RTC-S1_T014-028627-IW2_20210818T155642Z_20250901T041233Z_S1A_30_v1.0_VH.tif,https://cumulus.asf.earthdatacloud.nasa.gov/OPERA/OPERA_L2_RTC-S1/OPERA_L2_RTC-S1_T014-028627-IW2_20210818T155642Z_20250901T041233Z_S1A_30_v1.0/OPERA_L2_RTC-S1_T014-028627-IW2_20210818T155642Z_20250901T041233Z_S1A_30_v1.0_VH.tif,opera_burst_files\OPERA_L2_RTC-S1_T014-028627-IW2_20210818T155642Z_20250901T041233Z_S1A_30_v1.0_VH.tif,False,True
OPERA_L2_RTC-S1_T014-028627-IW2_20210806T155641Z_20250901T091231Z_S1A_30_v1.0,additional,OPERA_L2_RTC-S1_T014-028627-IW2_20210806T155641Z_20250901T091231Z_S1A_30_v1.0_VH.tif,https://cumulus.asf.earthdatacloud.nasa.gov/OPERA/OPERA_L2_RTC-S1/OPERA_L2_RTC-S1_T014-028627-IW2_20210806T155641Z_20250901T091231Z_S1A_30_v1.0/OPERA_L2_RTC-S1_T014-028627-IW2_20210806T155641Z_20250901T091231Z_S1A_30_v1.0_VH.tif,opera_burst_files\OPERA_L2_RTC-S1_T014-028627-IW2_20210806T155641Z_20250901T091231Z_S1A_30_v1.0_VH.tif,False,True
OPERA_L2_RTC-S1_T014-028627-IW2_20210725T155640Z_20250901T141827Z_S1A_30_v1.0,additional,OPERA_L2_RTC-S1_T014-028627-IW2_20210725T155640Z_20250901T141827Z_S1A_30_v1.0_VH.tif,https://cumulus.asf.earthdatacloud.nasa.gov/OPERA/OPERA_L2_RTC-S1/OPERA_L2_RTC-S1_T014-028627-IW2_20210725T155640Z_20250901T141827Z_S1A_30_v1.0/OPERA_L2_RTC-S1_T014-028627-IW2_20210725T155640Z_20250901T141827Z_S1A_30_v1.0_VH.tif,opera_burst_files\OPERA_L2_RTC-S1_T014-028627-IW2_20210725T155640Z_20250901T141827Z_S1A_30_v1.0_VH.tif,False,True
OPERA_L2_RTC-S1_T014-028627-IW2_20210713T155640Z_20250901T194038Z_S1A_30_v1.0,additional,OPERA_L2_RTC-S1_T014-028627-IW2_20210713T155640Z_20250901T194038Z_S1A_30_v1.0_VH.tif,https://cumulus.asf.earthdatacloud.nasa.gov/OPERA/OPERA_L2_RTC-S1/OPERA_L2_RTC-S1_T014-028627-IW2_20210713T155640Z_20250901T194038Z_S1A_30_v1.0/OPERA_L2_RTC-S1_T014-028627-IW2_20210713T155640Z_20250901T194038Z_S1A_30_v1.0_VH.tif,opera_burst_files\OPERA_L2_RTC-S1_T014-028627-IW2_20210713T155640Z_20250901T194038Z_S1A_30_v1.0_VH.tif,False,True
OPERA_L2_RTC-S1_T014-028627-IW2_20210701T155639Z_20250902T003736Z_S1A_30_v1.0,additional,OPERA_L2_RTC-S1_T014-028627-IW2_20210701T155639Z_20250902T003736Z_S1A_30_v1.0_VH.tif,https://cumulus.asf.earthdatacloud.nasa.gov/OPERA/OPERA_L2_RTC-S1/OPERA_L2_RTC-S1_T014-028627-IW2_20210701T155639Z_20250902T003736Z_S1A_30_v1.0/OPERA_L2_RTC-S1_T014-028627-IW2_20210701T155639Z_20250902T003736Z_S1A_30_v1.0_VH.tif,opera_burst_files\OPERA_L2_RTC-S1_T014-028627-IW2_20210701T155639Z_20250902T003736Z_S1A_30_v1.0_VH.tif,False,True
OPERA_L2_RTC-S1_T014-028627-IW2_20210619T155638Z_20250902T215558Z_S1A_30_v1.0,additional,OPERA_L2_RTC-S1_T014-028627-IW2_20210619T155638Z_20250902T215558Z_S1A_30_v1.0_VH.tif,https://cumulus.asf.earthdatacloud.nasa.gov/OPERA/OPERA_L2_RTC-S1/OPERA_L2_RTC-S1_T014-028627-IW2_20210619T155638Z_20250902T215558Z_S1A_30_v1.0/OPERA_L2_RTC-S1_T014-028627-IW2_20210619T155638Z_20250902T215558Z_S1A_30_v1.0_VH.tif,opera_burst_files\OPERA_L2_RTC-S1_T014-028627-IW2_20210619T155638Z_20250902T215558Z_S1A_30_v1.0_VH.tif,False,True
OPERA_L2_RTC-S1_T014-028627-IW2_20210607T155638Z_20250903T035650Z_S1A_30_v1.0,additional,OPERA_L2_RTC-S1_T014-028627-IW2_20210607T155638Z_20250903T035650Z_S1A_30_v1.0_VH.tif,https://cumulus.asf.earthdatacloud.nasa.gov/OPERA/OPERA_L2_RTC-S1/OPERA_L2_RTC-S1_T014-028627-IW2_20210607T155638Z_20250903T035650Z_S1A_30_v1.0/OPERA_L2_RTC-S1_T014-028627-IW2_20210607T155638Z_20250903T035650Z_S1A_30_v1.0_VH.tif,opera_burst_files\OPERA_L2_RTC-S1_T014-028627-IW2_20210607T155638Z_20250903T035650Z_S1A_30_v1.0_VH.tif,False,True
OPERA_L2_RTC-S1_T014-028627-IW2_20210526T155637Z_20250903T090113Z_S1A_30_v1.0,additional,OPERA_L2_RTC-S1_T014-028627-IW2_20210526T155637Z_20250903T090113Z_S1A_30_v1.0_VH.tif,https://cumulus.asf.earthdatacloud.nasa.gov/OPERA/OPERA_L2_RTC-S1/OPERA_L2_RTC-S1_T014-028627-IW2_20210526T155637Z_20250903T090113Z_S1A_30_v1.0/OPERA_L2_RTC-S1_T014-028627-IW2_20210526T155637Z_20250903T090113Z_S1A_30_v1.0_VH.tif,opera_burst_files\OPERA_L2_RTC-S1_T014-028627-IW2_20210526T155637Z_20250903T090113Z_S1A_30_v1.0_VH.tif,False,True
OPERA_L2_RTC-S1_T014-028627-IW2_20210514T155636Z_20250903T140758Z_S1A_30_v1.0,additional,OPERA_L2_RTC-S1_T014-028627-IW2_20210514T155636Z_20250903T140758Z_S1A_30_v1.0_VH.tif,https://cumulus.asf.earthdatacloud.nasa.gov/OPERA/OPERA_L2_RTC-S1/OPERA_L2_RTC-S1_T014-028627-IW2_20210514T155636Z_20250903T140758Z_S1A_30_v1.0/OPERA_L2_RTC-S1_T014-028627-IW2_20210514T155636Z_20250903T140758Z_S1A_30_v1.0_VH.tif,opera_burst_files\OPERA_L2_RTC-S1_T014-028627-IW2_20210514T155636Z_20250903T140758Z_S1A_30_v1.0_VH.tif,False,True
OPERA_L2_RTC-S1_T014-028627-IW2_20210502T155635Z_20250903T192349Z_S1A_30_v1.0,additional,OPERA_L2_RTC-S1_T014-028627-IW2_20210502T155635Z_20250903T192349Z_S1A_30_v1.0_VH.tif,https://cumulus.asf.earthdatacloud.nasa.gov/OPERA/OPERA_L2_RTC-S1/OPERA_L2_RTC-S1_T014-028627-IW2_20210502T155635Z_20250903T192349Z_S1A_30_v1.0/OPERA_L2_RTC-S1_T014-028627-IW2_20210502T155635Z_20250903T192349Z_S1A_30_v1.0_VH.tif,opera_burst_files\OPERA_L2_RTC-S1_T014-028627-IW2_20210502T155635Z_20250903T192349Z_S1A_30_v1.0_VH.tif,False,True
OPERA_L2_RTC-S1_T014-028627-IW2_20210420T155635Z_20250904T005312Z_S1A_30_v1.0,additional,OPERA_L2_RTC-S1_T014-028627-IW2_20210420T155635Z_20250904T005312Z_S1A_30_v1.0_VH.tif,https://cumulus.asf.earthdatacloud.nasa.gov/OPERA/OPERA_L2_RTC-S1/OPERA_L2_RTC-S1_T014-028627-IW2_20210420T155635Z_20250904T005312Z_S1A_30_v1.0/OPERA_L2_RTC-S1_T014-028627-IW2_20210420T155635Z_20250904T005312Z_S1A_30_v1.0_VH.tif,opera_burst_files\OPERA_L2_RTC-S1_T014-028627-IW2_20210420T155635Z_20250904T005312Z_S1A_30_v1.0_VH.tif,False,True
OPERA_L2_RTC-S1_T014-028627-IW2_20210408T155635Z_20250904T061913Z_S1A_30_v1.0,additional,OPERA_L2_RTC-S1_T014-028627-IW2_20210408T155635Z_20250904T061913Z_S1A_30_v1.0_VH.tif,https://cumulus.asf.earthdatacloud.nasa.gov/OPERA/OPERA_L2_RTC-S1/OPERA_L2_RTC-S1_T014-028627-IW2_20210408T155635Z_20250904T061913Z_S1A_30_v1.0/OPERA_L2_RTC-S1_T014-028627-IW2_20210408T155635Z_20250904T061913Z_S1A_30_v1.0_VH.tif,opera_burst_files\OPERA_L2_RTC-S1_T014-028627-IW2_20210408T155635Z_20250904T061913Z_S1A_30_v1.0_VH.tif,False,True
OPERA_L2_RTC-S1_T014-028627-IW2_20210327T155634Z_20250904T113327Z_S1A_30_v1.0,additional,OPERA_L2_RTC-S1_T014-028627-IW2_20210327T155634Z_20250904T113327Z_S1A_30_v1.0_VH.tif,https://cumulus.asf.earthdatacloud.nasa.gov/OPERA/OPERA_L2_RTC-S1/OPERA_L2_RTC-S1_T014-028627-IW2_20210327T155634Z_20250904T113327Z_S1A_30_v1.0/OPERA_L2_RTC-S1_T014-028627-IW2_20210327T155634Z_20250904T113327Z_S1A_30_v1.0_VH.tif,opera_burst_files\OPERA_L2_RTC-S1_T014-028627-IW2_20210327T155634Z_20250904T113327Z_S1A_30_v1.0_VH.tif,False,True
OPERA_L2_RTC-S1_T014-028627-IW2_20210315T155634Z_20250904T164659Z_S1A_30_v1.0,additional,OPERA_L2_RTC-S1_T014-028627-IW2_20210315T155634Z_20250904T164659Z_S1A_30_v1.0_VH.tif,https://cumulus.asf.earthdatacloud.nasa.gov/OPERA/OPERA_L2_RTC-S1/OPERA_L2_RTC-S1_T014-028627-IW2_20210315T155634Z_20250904T164659Z_S1A_30_v1.0/OPERA_L2_RTC-S1_T014-028627-IW2_20210315T155634Z_20250904T164659Z_S1A_30_v1.0_VH.tif,opera_burst_files\OPERA_L2_RTC-S1_T014-028627-IW2_20210315T155634Z_20250904T164659Z_S1A_30_v1.0_VH.tif,False,True
OPERA_L2_RTC-S1_T014-028627-IW2_20210303T155634Z_20250904T222502Z_S1A_30_v1.0,additional,OPERA_L2_RTC-S1_T014-028627-IW2_20210303T155634Z_20250904T222502Z_S1A_30_v1.0_VH.tif,https://cumulus.asf.earthdatacloud.nasa.gov/OPERA/OPERA_L2_RTC-S1/OPERA_L2_RTC-S1_T014-028627-IW2_20210303T155634Z_20250904T222502Z_S1A_30_v1.0/OPERA_L2_RTC-S1_T014-028627-IW2_20210303T155634Z_20250904T222502Z_S1A_30_v1.0_VH.tif,opera_burst_files\OPERA_L2_RTC-S1_T014-028627-IW2_20210303T155634Z_20250904T222502Z_S1A_30_v1.0_VH.tif,False,True
OPERA_L2_RTC-S1_T014-028627-IW2_20210219T155634Z_20250905T034900Z_S1A_30_v1.0,additional,OPERA_L2_RTC-S1_T014-028627-IW2_20210219T155634Z_20250905T034900Z_S1A_30_v1.0_VH.tif,https://cumulus.asf.earthdatacloud.nasa.gov/OPERA/OPERA_L2_RTC-S1/OPERA_L2_RTC-S1_T014-028627-IW2_20210219T155634Z_20250905T034900Z_S1A_30_v1.0/OPERA_L2_RTC-S1_T014-028627-IW2_20210219T155634Z_20250905T034900Z_S1A_30_v1.0_VH.tif,opera_burst_files\OPERA_L2_RTC-S1_T014-028627-IW2_20210219T155634Z_20250905T034900Z_S1A_30_v1.0_VH.tif,False,True
OPERA_L2_RTC-S1_T014-028627-IW2_20210207T155634Z_20250905T090614Z_S1A_30_v1.0,additional,OPERA_L2_RTC-S1_T014-028627-IW2_20210207T155634Z_20250905T090614Z_S1A_30_v1.0_VH.tif,https://cumulus.asf.earthdatacloud.nasa.gov/OPERA/OPERA_L2_RTC-S1/OPERA_L2_RTC-S1_T014-028627-IW2_20210207T155634Z_20250905T090614Z_S1A_30_v1.0/OPERA_L2_RTC-S1_T014-028627-IW2_20210207T155634Z_20250905T090614Z_S1A_30_v1.0_VH.tif,opera_burst_files\OPERA_L2_RTC-S1_T014-028627-IW2_20210207T155634Z_20250905T090614Z_S1A_30_v1.0_VH.tif,False,True
OPERA_L2_RTC-S1_T014-028627-IW2_20210126T155635Z_20250905T135810Z_S1A_30_v1.0,additional,OPERA_L2_RTC-S1_T014-028627-IW2_20210126T155635Z_20250905T135810Z_S1A_30_v1.0_VH.tif,https://cumulus.asf.earthdatacloud.nasa.gov/OPERA/OPERA_L2_RTC-S1/OPERA_L2_RTC-S1_T014-028627-IW2_20210126T155635Z_20250905T135810Z_S1A_30_v1.0/OPERA_L2_RTC-S1_T014-028627-IW2_20210126T155635Z_20250905T135810Z_S1A_30_v1.0_VH.tif,opera_burst_files\OPERA_L2_RTC-S1_T014-028627-IW2_20210126T155635Z_20250905T135810Z_S1A_30_v1.0_VH.tif,False,True
OPERA_L2_RTC-S1_T014-028627-IW2_20210114T155635Z_20250905T184704Z_S1A_30_v1.0,additional,OPERA_L2_RTC-S1_T014-028627-IW2_20210114T155635Z_20250905T184704Z_S1A_30_v1.0_VH.tif,https://cumulus.asf.earthdatacloud.nasa.gov/OPERA/OPERA_L2_RTC-S1/OPERA_L2_RTC-S1_T014-028627-IW2_20210114T155635Z_20250905T184704Z_S1A_30_v1.0/OPERA_L2_RTC-S1_T014-028627-IW2_20210114T155635Z_20250905T184704Z_S1A_30_v1.0_VH.tif,opera_burst_files\OPERA_L2_RTC-S1_T014-028627-IW2_20210114T155635Z_20250905T184704Z_S1A_30_v1.0_VH.tif,False,True
OPERA_L2_RTC-S1_T014-028627-IW2_20210102T155636Z_20250909T184154Z_S1A_30_v1.0,additional,OPERA_L2_RTC-S1_T014-028627-IW2_20210102T155636Z_20250909T184154Z_S1A_30_v1.0_VH.tif,https://cumulus.asf.earthdatacloud.nasa.gov/OPERA/OPERA_L2_RTC-S1/OPERA_L2_RTC-S1_T014-028627-IW2_20210102T155636Z_20250909T184154Z_S1A_30_v1.0/OPERA_L2_RTC-S1_T014-028627-IW2_20210102T155636Z_20250909T184154Z_S1A_30_v1.0_VH.tif,opera_burst_files\OPERA_L2_RTC-S1_T014-028627-IW2_20210102T155636Z_20250909T184154Z_S1A_30_v1.0_VH.tif,False,True
OPERA_L2_RTC-S1_T014-028627-IW2_20201221T155636Z_20250906T003515Z_S1A_30_v1.0,additional,OPERA_L2_RTC-S1_T014-028627-IW2_20201221T155636Z_20250906T003515Z_S1A_30_v1.0_VH.tif,https://cumulus.asf.earthdatacloud.nasa.gov/OPERA/OPERA_L2_RTC-S1/OPERA_L2_RTC-S1_T014-028627-IW2_20201221T155636Z_20250906T003515Z_S1A_30_v1.0/OPERA_L2_RTC-S1_T014-028627-IW2_20201221T155636Z_20250906T003515Z_S1A_30_v1.0_VH.tif,opera_burst_files\OPERA_L2_RTC-S1_T014-028627-IW2_20201221T155636Z_20250906T003515Z_S1A_30_v1.0_VH.tif,False,True
OPERA_L2_RTC-S1_T014-028627-IW2_20201209T155637Z_20250906T094416Z_S1A_30_v1.0,additional,OPERA_L2_RTC-S1_T014-028627-IW2_20201209T155637Z_20250906T094416Z_S1A_30_v1.0_VH.tif,https://cumulus.asf.earthdatacloud.nasa.gov/OPERA/OPERA_L2_RTC-S1/OPERA_L2_RTC-S1_T014-028627-IW2_20201209T155637Z_20250906T094416Z_S1A_30_v1.0/OPERA_L2_RTC-S1_T014-028627-IW2_20201209T155637Z_20250906T094416Z_S1A_30_v1.0_VH.tif,opera_burst_files\OPERA_L2_RTC-S1_T014-028627-IW2_20201209T155637Z_20250906T094416Z_S1A_30_v1.0_VH.tif,False,True
OPERA_L2_RTC-S1_T014-028627-IW2_20201127T155637Z_20250906T144335Z_S1A_30_v1.0,additional,OPERA_L2_RTC-S1_T014-028627-IW2_20201127T155637Z_20250906T144335Z_S1A_30_v1.0_VH.tif,https://cumulus.asf.earthdatacloud.nasa.gov/OPERA/OPERA_L2_RTC-S1/OPERA_L2_RTC-S1_T014-028627-IW2_20201127T155637Z_20250906T144335Z_S1A_30_v1.0/OPERA_L2_RTC-S1_T014-028627-IW2_20201127T155637Z_20250906T144335Z_S1A_30_v1.0_VH.tif,opera_burst_files\OPERA_L2_RTC-S1_T014-028627-IW2_20201127T155637Z_20250906T144335Z_S1A_30_v1.0_VH.tif,False,True
OPERA_L2_RTC-S1_T014-028627-IW2_20201115T155638Z_20250906T195348Z_S1A_30_v1.0,additional,OPERA_L2_RTC-S1_T014-028627-IW2_20201115T155638Z_20250906T195348Z_S1A_30_v1.0_VH.tif,https://cumulus.asf.earthdatacloud.nasa.gov/OPERA/OPERA_L2_RTC-S1/OPERA_L2_RTC-S1_T014-028627-IW2_20201115T155638Z_20250906T195348Z_S1A_30_v1.0/OPERA_L2_RTC-S1_T014-028627-IW2_20201115T155638Z_20250906T195348Z_S1A_30_v1.0_VH.tif,opera_burst_files\OPERA_L2_RTC-S1_T014-028627-IW2_20201115T155638Z_20250906T195348Z_S1A_30_v1.0_VH.tif,False,True
OPERA_L2_RTC-S1_T014-028627-IW2_20201103T155638Z_20250907T011336Z_S1A_30_v1.0,additional,OPERA_L2_RTC-S1_T014-028627-IW2_20201103T155638Z_20250907T011336Z_S1A_30_v1.0_VH.tif,https://cumulus.asf.earthdatacloud.nasa.gov/OPERA/OPERA_L2_RTC-S1/OPERA_L2_RTC-S1_T014-028627-IW2_20201103T155638Z_20250907T011336Z_S1A_30_v1.0/OPERA_L2_RTC-S1_T014-028627-IW2_20201103T155638Z_20250907T011336Z_S1A_30_v1.0_VH.tif,opera_burst_files\OPERA_L2_RTC-S1_T014-028627-IW2_20201103T155638Z_20250907T011336Z_S1A_30_v1.0_VH.tif,False,True
OPERA_L2_RTC-S1_T014-028627-IW2_20201022T155638Z_20250907T061722Z_S1A_30_v1.0,additional,OPERA_L2_RTC-S1_T014-028627-IW2_20201022T155638Z_20250907T061722Z_S1A_30_v1.0_VH.tif,https://cumulus.asf.earthdatacloud.nasa.gov/OPERA/OPERA_L2_RTC-S1/OPERA_L2_RTC-S1_T014-028627-IW2_20201022T155638Z_20250907T061722Z_S1A_30_v1.0/OPERA_L2_RTC-S1_T014-028627-IW2_20201022T155638Z_20250907T061722Z_S1A_30_v1.0_VH.tif,opera_burst_files\OPERA_L2_RTC-S1_T014-028627-IW2_20201022T155638Z_20250907T061722Z_S1A_30_v1.0_VH.tif,False,True
OPERA_L2_RTC-S1_T014-028627-IW2_20201010T155638Z_20250907T111549Z_S1A_30_v1.0,additional,OPERA_L2_RTC-S1_T014-028627-IW2_20201010T155638Z_20250907T111549Z_S1A_30_v1.0_VH.tif,https://cumulus.asf.earthdatacloud.nasa.gov/OPERA/OPERA_L2_RTC-S1/OPERA_L2_RTC-S1_T014-028627-IW2_20201010T155638Z_20250907T111549Z_S1A_30_v1.0/OPERA_L2_RTC-S1_T014-028627-IW2_20201010T155638Z_20250907T111549Z_S1A_30_v1.0_VH.tif,opera_burst_files\OPERA_L2_RTC-S1_T014-028627-IW2_20201010T155638Z_20250907T111549Z_S1A_30_v1.0_VH.tif,False,True
OPERA_L2_RTC-S1_T014-028627-IW2_20200928T155638Z_20250907T161138Z_S1A_30_v1.0,additional,OPERA_L2_RTC-S1_T014-028627-IW2_20200928T155638Z_20250907T161138Z_S1A_30_v1.0_VH.tif,https://cumulus.asf.earthdatacloud.nasa.gov/OPERA/OPERA_L2_RTC-S1/OPERA_L2_RTC-S1_T014-028627-IW2_20200928T155638Z_20250907T161138Z_S1A_30_v1.0/OPERA_L2_RTC-S1_T014-028627-IW2_20200928T155638Z_20250907T161138Z_S1A_30_v1.0_VH.tif,opera_burst_files\OPERA_L2_RTC-S1_T014-028627-IW2_20200928T155638Z_20250907T161138Z_S1A_30_v1.0_VH.tif,False,True
OPERA_L2_RTC-S1_T014-028627-IW2_20200916T155637Z_20250907T211939Z_S1A_30_v1.0,additional,OPERA_L2_RTC-S1_T014-028627-IW2_20200916T155637Z_20250907T211939Z_S1A_30_v1.0_VH.tif,https://cumulus.asf.earthdatacloud.nasa.gov/OPERA/OPERA_L2_RTC-S1/OPERA_L2_RTC-S1_T014-028627-IW2_20200916T155637Z_20250907T211939Z_S1A_30_v1.0/OPERA_L2_RTC-S1_T014-028627-IW2_20200916T155637Z_20250907T211939Z_S1A_30_v1.0_VH.tif,opera_burst_files\OPERA_L2_RTC-S1_T014-028627-IW2_20200916T155637Z_20250907T211939Z_S1A_30_v1.0_VH.tif,False,True
OPERA_L2_RTC-S1_T014-028627-IW2_20200904T155637Z_20250908T023550Z_S1A_30_v1.0,additional,OPERA_L2_RTC-S1_T014-028627-IW2_20200904T155637Z_20250908T023550Z_S1A_30_v1.0_VH.tif,https://cumulus.asf.earthdatacloud.nasa.gov/OPERA/OPERA_L2_RTC-S1/OPERA_L2_RTC-S1_T014-028627-IW2_20200904T155637Z_20250908T023550Z_S1A_30_v1.0/OPERA_L2_RTC-S1_T014-028627-IW2_20200904T155637Z_20250908T023550Z_S1A_30_v1.0_VH.tif,opera_burst_files\OPERA_L2_RTC-S1_T014-028627-IW2_20200904T155637Z_20250908T023550Z_S1A_30_v1.0_VH.tif,False,True
OPERA_L2_RTC-S1_T014-028627-IW2_20200823T155636Z_20250908T074049Z_S1A_30_v1.0,additional,OPERA_L2_RTC-S1_T014-028627-IW2_20200823T155636Z_20250908T074049Z_S1A_30_v1.0_VH.tif,https://cumulus.asf.earthdatacloud.nasa.gov/OPERA/OPERA_L2_RTC-S1/OPERA_L2_RTC-S1_T014-028627-IW2_20200823T155636Z_20250908T074049Z_S1A_30_v1.0/OPERA_L2_RTC-S1_T014-028627-IW2_20200823T155636Z_20250908T074049Z_S1A_30_v1.0_VH.tif,opera_burst_files\OPERA_L2_RTC-S1_T014-028627-IW2_20200823T155636Z_20250908T074049Z_S1A_30_v1.0_VH.tif,False,True
OPERA_L2_RTC-S1_T014-028627-IW2_20200811T155636Z_20250908T125117Z_S1A_30_v1.0,additional,OPERA_L2_RTC-S1_T014-028627-IW2_20200811T155636Z_20250908T125117Z_S1A_30_v1.0_VH.tif,https://cumulus.asf.earthdatacloud.nasa.gov/OPERA/OPERA_L2_RTC-S1/OPERA_L2_RTC-S1_T014-028627-IW2_20200811T155636Z_20250908T125117Z_S1A_30_v1.0/OPERA_L2_RTC-S1_T014-028627-IW2_20200811T155636Z_20250908T125117Z_S1A_30_v1.0_VH.tif,opera_burst_files\OPERA_L2_RTC-S1_T014-028627-IW2_20200811T155636Z_20250908T125117Z_S1A_30_v1.0_VH.tif,False,True
OPERA_L2_RTC-S1_T014-028627-IW2_20200730T155635Z_20250908T183916Z_S1A_30_v1.0,additional,OPERA_L2_RTC-S1_T014-028627-IW2_20200730T155635Z_20250908T183916Z_S1A_30_v1.0_VH.tif,https://cumulus.asf.earthdatacloud.nasa.gov/OPERA/OPERA_L2_RTC-S1/OPERA_L2_RTC-S1_T014-028627-IW2_20200730T155635Z_20250908T183916Z_S1A_30_v1.0/OPERA_L2_RTC-S1_T014-028627-IW2_20200730T155635Z_20250908T183916Z_S1A_30_v1.0_VH.tif,opera_burst_files\OPERA_L2_RTC-S1_T014-028627-IW2_20200730T155635Z_20250908T183916Z_S1A_30_v1.0_VH.tif,False,True
OPERA_L2_RTC-S1_T014-028627-IW2_20200718T155634Z_20250908T232545Z_S1A_30_v1.0,additional,OPERA_L2_RTC-S1_T014-028627-IW2_20200718T155634Z_20250908T232545Z_S1A_30_v1.0_VH.tif,https://cumulus.asf.earthdatacloud.nasa.gov/OPERA/OPERA_L2_RTC-S1/OPERA_L2_RTC-S1_T014-028627-IW2_20200718T155634Z_20250908T232545Z_S1A_30_v1.0/OPERA_L2_RTC-S1_T014-028627-IW2_20200718T155634Z_20250908T232545Z_S1A_30_v1.0_VH.tif,opera_burst_files\OPERA_L2_RTC-S1_T014-028627-IW2_20200718T155634Z_20250908T232545Z_S1A_30_v1.0_VH.tif,False,True
OPERA_L2_RTC-S1_T014-028627-IW2_20200706T155633Z_20250909T145101Z_S1A_30_v1.0,additional,OPERA_L2_RTC-S1_T014-028627-IW2_20200706T155633Z_20250909T145101Z_S1A_30_v1.0_VH.tif,https://cumulus.asf.earthdatacloud.nasa.gov/OPERA/OPERA_L2_RTC-S1/OPERA_L2_RTC-S1_T014-028627-IW2_20200706T155633Z_20250909T145101Z_S1A_30_v1.0/OPERA_L2_RTC-S1_T014-028627-IW2_20200706T155633Z_20250909T145101Z_S1A_30_v1.0_VH.tif,opera_burst_files\OPERA_L2_RTC-S1_T014-028627-IW2_20200706T155633Z_20250909T145101Z_S1A_30_v1.0_VH.tif,False,True
OPERA_L2_RTC-S1_T014-028627-IW2_20200624T155633Z_20250909T031307Z_S1A_30_v1.0,additional,OPERA_L2_RTC-S1_T014-028627-IW2_20200624T155633Z_20250909T031307Z_S1A_30_v1.0_VH.tif,https://cumulus.asf.earthdatacloud.nasa.gov/OPERA/OPERA_L2_RTC-S1/OPERA_L2_RTC-S1_T014-028627-IW2_20200624T155633Z_20250909T031307Z_S1A_30_v1.0/OPERA_L2_RTC-S1_T014-028627-IW2_20200624T155633Z_20250909T031307Z_S1A_30_v1.0_VH.tif,opera_burst_files\OPERA_L2_RTC-S1_T014-028627-IW2_20200624T155633Z_20250909T031307Z_S1A_30_v1.0_VH.tif,False,True
OPERA_L2_RTC-S1_T014-028627-IW2_20200612T155632Z_20250909T094553Z_S1A_30_v1.0,additional,OPERA_L2_RTC-S1_T014-028627-IW2_20200612T155632Z_20250909T094553Z_S1A_30_v1.0_VH.tif,https://cumulus.asf.earthdatacloud.nasa.gov/OPERA/OPERA_L2_RTC-S1/OPERA_L2_RTC-S1_T014-028627-IW2_20200612T155632Z_20250909T094553Z_S1A_30_v1.0/OPERA_L2_RTC-S1_T014-028627-IW2_20200612T155632Z_20250909T094553Z_S1A_30_v1.0_VH.tif,opera_burst_files\OPERA_L2_RTC-S1_T014-028627-IW2_20200612T155632Z_20250909T094553Z_S1A_30_v1.0_VH.tif,False,True
OPERA_L2_RTC-S1_T014-028627-IW2_20200531T155631Z_20250909T232308Z_S1A_30_v1.0,additional,OPERA_L2_RTC-S1_T014-028627-IW2_20200531T155631Z_20250909T232308Z_S1A_30_v1.0_VH.tif,https://cumulus.asf.earthdatacloud.nasa.gov/OPERA/OPERA_L2_RTC-S1/OPERA_L2_RTC-S1_T014-028627-IW2_20200531T155631Z_20250909T232308Z_S1A_30_v1.0/OPERA_L2_RTC-S1_T014-028627-IW2_20200531T155631Z_20250909T232308Z_S1A_30_v1.0_VH.tif,opera_burst_files\OPERA_L2_RTC-S1_T014-028627-IW2_20200531T155631Z_20250909T232308Z_S1A_30_v1.0_VH.tif,False,True
OPERA_L2_RTC-S1_T014-028627-IW2_20200519T155631Z_20250910T041004Z_S1A_30_v1.0,additional,OPERA_L2_RTC-S1_T014-028627-IW2_20200519T155631Z_20250910T041004Z_S1A_30_v1.0_VH.tif,https://cumulus.asf.earthdatacloud.nasa.gov/OPERA/OPERA_L2_RTC-S1/OPERA_L2_RTC-S1_T014-028627-IW2_20200519T155631Z_20250910T041004Z_S1A_30_v1.0/OPERA_L2_RTC-S1_T014-028627-IW2_20200519T155631Z_20250910T041004Z_S1A_30_v1.0_VH.tif,opera_burst_files\OPERA_L2_RTC-S1_T014-028627-IW2_20200519T155631Z_20250910T041004Z_S1A_30_v1.0_VH.tif,False,True
OPERA_L2_RTC-S1_T014-028627-IW2_20200507T155630Z_20250910T083526Z_S1A_30_v1.0,additional,OPERA_L2_RTC-S1_T014-028627-IW2_20200507T155630Z_20250910T083526Z_S1A_30_v1.0_VH.tif,https://cumulus.asf.earthdatacloud.nasa.gov/OPERA/OPERA_L2_RTC-S1/OPERA_L2_RTC-S1_T014-028627-IW2_20200507T155630Z_20250910T083526Z_S1A_30_v1.0/OPERA_L2_RTC-S1_T014-028627-IW2_20200507T155630Z_20250910T083526Z_S1A_30_v1.0_VH.tif,opera_burst_files\OPERA_L2_RTC-S1_T014-028627-IW2_20200507T155630Z_20250910T083526Z_S1A_30_v1.0_VH.tif,False,True
OPERA_L2_RTC-S1_T014-028627-IW2_20200425T155629Z_20250910T132046Z_S1A_30_v1.0,additional,OPERA_L2_RTC-S1_T014-028627-IW2_20200425T155629Z_20250910T132046Z_S1A_30_v1.0_VH.tif,https://cumulus.asf.earthdatacloud.nasa.gov/OPERA/OPERA_L2_RTC-S1/OPERA_L2_RTC-S1_T014-028627-IW2_20200425T155629Z_20250910T132046Z_S1A_30_v1.0/OPERA_L2_RTC-S1_T014-028627-IW2_20200425T155629Z_20250910T132046Z_S1A_30_v1.0_VH.tif,opera_burst_files\OPERA_L2_RTC-S1_T014-028627-IW2_20200425T155629Z_20250910T132046Z_S1A_30_v1.0_VH.tif,False,True
OPERA_L2_RTC-S1_T014-028627-IW2_20200413T155629Z_20250910T180313Z_S1A_30_v1.0,additional,OPERA_L2_RTC-S1_T014-028627-IW2_20200413T155629Z_20250910T180313Z_S1A_30_v1.0_VH.tif,https://cumulus.asf.earthdatacloud.nasa.gov/OPERA/OPERA_L2_RTC-S1/OPERA_L2_RTC-S1_T014-028627-IW2_20200413T155629Z_20250910T180313Z_S1A_30_v1.0/OPERA_L2_RTC-S1_T014-028627-IW2_20200413T155629Z_20250910T180313Z_S1A_30_v1.0_VH.tif,opera_burst_files\OPERA_L2_RTC-S1_T014-028627-IW2_20200413T155629Z_20250910T180313Z_S1A_30_v1.0_VH.tif,False,True
OPERA_L2_RTC-S1_T014-028627-IW2_20200401T155628Z_20250910T223440Z_S1A_30_v1.0,additional,OPERA_L2_RTC-S1_T014-028627-IW2_20200401T155628Z_20250910T223440Z_S1A_30_v1.0_VH.tif,https://cumulus.asf.earthdatacloud.nasa.gov/OPERA/OPERA_L2_RTC-S1/OPERA_L2_RTC-S1_T014-028627-IW2_20200401T155628Z_20250910T223440Z_S1A_30_v1.0/OPERA_L2_RTC-S1_T014-028627-IW2_20200401T155628Z_20250910T223440Z_S1A_30_v1.0_VH.tif,opera_burst_files\OPERA_L2_RTC-S1_T014-028627-IW2_20200401T155628Z_20250910T223440Z_S1A_30_v1.0_VH.tif,False,True
OPERA_L2_RTC-S1_T014-028627-IW2_20200320T155628Z_20250911T025903Z_S1A_30_v1.0,additional,OPERA_L2_RTC-S1_T014-028627-IW2_20200320T155628Z_20250911T025903Z_S1A_30_v1.0_VH.tif,https://cumulus.asf.earthdatacloud.nasa.gov/OPERA/OPERA_L2_RTC-S1/OPERA_L2_RTC-S1_T014-028627-IW2_20200320T155628Z_20250911T025903Z_S1A_30_v1.0/OPERA_L2_RTC-S1_T014-028627-IW2_20200320T155628Z_20250911T025903Z_S1A_30_v1.0_VH.tif,opera_burst_files\OPERA_L2_RTC-S1_T014-028627-IW2_20200320T155628Z_20250911T025903Z_S1A_30_v1.0_VH.tif,False,True
OPERA_L2_RTC-S1_T014-028627-IW2_20200308T155628Z_20250911T071824Z_S1A_30_v1.0,additional,OPERA_L2_RTC-S1_T014-028627-IW2_20200308T155628Z_20250911T071824Z_S1A_30_v1.0_VH.tif,https://cumulus.asf.earthdatacloud.nasa.gov/OPERA/OPERA_L2_RTC-S1/OPERA_L2_RTC-S1_T014-028627-IW2_20200308T155628Z_20250911T071824Z_S1A_30_v1.0/OPERA_L2_RTC-S1_T014-028627-IW2_20200308T155628Z_20250911T071824Z_S1A_30_v1.0_VH.tif,opera_burst_files\OPERA_L2_RTC-S1_T014-028627-IW2_20200308T155628Z_20250911T071824Z_S1A_30_v1.0_VH.tif,False,True
OPERA_L2_RTC-S1_T014-028627-IW2_20200225T155628Z_20250911T112939Z_S1A_30_v1.0,additional,OPERA_L2_RTC-S1_T014-028627-IW2_20200225T155628Z_20250911T112939Z_S1A_30_v1.0_VH.tif,https://cumulus.asf.earthdatacloud.nasa.gov/OPERA/OPERA_L2_RTC-S1/OPERA_L2_RTC-S1_T014-028627-IW2_20200225T155628Z_20250911T112939Z_S1A_30_v1.0/OPERA_L2_RTC-S1_T014-028627-IW2_20200225T155628Z_20250911T112939Z_S1A_30_v1.0_VH.tif,opera_burst_files\OPERA_L2_RTC-S1_T014-028627-IW2_20200225T155628Z_20250911T112939Z_S1A_30_v1.0_VH.tif,False,True
OPERA_L2_RTC-S1_T014-028627-IW2_20200213T155628Z_20250911T150520Z_S1A_30_v1.0,additional,OPERA_L2_RTC-S1_T014-028627-IW2_20200213T155628Z_20250911T150520Z_S1A_30_v1.0_VH.tif,https://cumulus.asf.earthdatacloud.nasa.gov/OPERA/OPERA_L2_RTC-S1/OPERA_L2_RTC-S1_T014-028627-IW2_20200213T155628Z_20250911T150520Z_S1A_30_v1.0/OPERA_L2_RTC-S1_T014-028627-IW2_20200213T155628Z_20250911T150520Z_S1A_30_v1.0_VH.tif,opera_burst_files\OPERA_L2_RTC-S1_T014-028627-IW2_20200213T155628Z_20250911T150520Z_S1A_30_v1.0_VH.tif,False,True
OPERA_L2_RTC-S1_T014-028627-IW2_20200201T155628Z_20250911T192118Z_S1A_30_v1.0,additional,OPERA_L2_RTC-S1_T014-028627-IW2_20200201T155628Z_20250911T192118Z_S1A_30_v1.0_VH.tif,https://cumulus.asf.earthdatacloud.nasa.gov/OPERA/OPERA_L2_RTC-S1/OPERA_L2_RTC-S1_T014-028627-IW2_20200201T155628Z_20250911T192118Z_S1A_30_v1.0/OPERA_L2_RTC-S1_T014-028627-IW2_20200201T155628Z_20250911T192118Z_S1A_30_v1.0_VH.tif,opera_burst_files\OPERA_L2_RTC-S1_T014-028627-IW2_20200201T155628Z_20250911T192118Z_S1A_30_v1.0_VH.tif,False,True
OPERA_L2_RTC-S1_T014-028627-IW2_20200120T155629Z_20250914T040616Z_S1A_30_v1.0,additional,OPERA_L2_RTC-S1_T014-028627-IW2_20200120T155629Z_20250914T040616Z_S1A_30_v1.0_VH.tif,https://cumulus.asf.earthdatacloud.nasa.gov/OPERA/OPERA_L2_RTC-S1/OPERA_L2_RTC-S1_T014-028627-IW2_20200120T155629Z_20250914T040616Z_S1A_30_v1.0/OPERA_L2_RTC-S1_T014-028627-IW2_20200120T155629Z_20250914T040616Z_S1A_30_v1.0_VH.tif,opera_burst_files\OPERA_L2_RTC-S1_T014-028627-IW2_20200120T155629Z_20250914T040616Z_S1A_30_v1.0_VH.tif,False,True
OPERA_L2_RTC-S1_T014-028627-IW2_20200108T155629Z_20250911T214512Z_S1A_30_v1.0,additional,OPERA_L2_RTC-S1_T014-028627-IW2_20200108T155629Z_20250911T214512Z_S1A_30_v1.0_VH.tif,https://cumulus.asf.earthdatacloud.nasa.gov/OPERA/OPERA_L2_RTC-S1/OPERA_L2_RTC-S1_T014-028627-IW2_20200108T155629Z_20250911T214512Z_S1A_30_v1.0/OPERA_L2_RTC-S1_T014-028627-IW2_20200108T155629Z_20250911T214512Z_S1A_30_v1.0_VH.tif,opera_burst_files\OPERA_L2_RTC-S1_T014-028627-IW2_20200108T155629Z_20250911T214512Z_S1A_30_v1.0_VH.tif,False,True
OPERA_L2_RTC-S1_T014-028627-IW2_20191227T155630Z_20250912T003640Z_S1A_30_v1.0,additional,OPERA_L2_RTC-S1_T014-028627-IW2_20191227T155630Z_20250912T003640Z_S1A_30_v1.0_VH.tif,https://cumulus.asf.earthdatacloud.nasa.gov/OPERA/OPERA_L2_RTC-S1/OPERA_L2_RTC-S1_T014-028627-IW2_20191227T155630Z_20250912T003640Z_S1A_30_v1.0/OPERA_L2_RTC-S1_T014-028627-IW2_20191227T155630Z_20250912T003640Z_S1A_30_v1.0_VH.tif,opera_burst_files\OPERA_L2_RTC-S1_T014-028627-IW2_20191227T155630Z_20250912T003640Z_S1A_30_v1.0_VH.tif,False,True
OPERA_L2_RTC-S1_T014-028627-IW2_20191215T155630Z_20250912T044907Z_S1A_30_v1.0,additional,OPERA_L2_RTC-S1_T014-028627-IW2_20191215T155630Z_20250912T044907Z_S1A_30_v1.0_VH.tif,https://cumulus.asf.earthdatacloud.nasa.gov/OPERA/OPERA_L2_RTC-S1/OPERA_L2_RTC-S1_T014-028627-IW2_20191215T155630Z_20250912T044907Z_S1A_30_v1.0/OPERA_L2_RTC-S1_T014-028627-IW2_20191215T155630Z_20250912T044907Z_S1A_30_v1.0_VH.tif,opera_burst_files\OPERA_L2_RTC-S1_T014-028627-IW2_20191215T155630Z_20250912T044907Z_S1A_30_v1.0_VH.tif,False,True
OPERA_L2_RTC-S1_T014-028627-IW2_20191203T155631Z_20250912T085054Z_S1A_30_v1.0,additional,OPERA_L2_RTC-S1_T014-028627-IW2_20191203T155631Z_20250912T085054Z_S1A_30_v1.0_VH.tif,https://cumulus.asf.earthdatacloud.nasa.gov/OPERA/OPERA_L2_RTC-S1/OPERA_L2_RTC-S1_T014-028627-IW2_20191203T155631Z_20250912T085054Z_S1A_30_v1.0/OPERA_L2_RTC-S1_T014-028627-IW2_20191203T155631Z_20250912T085054Z_S1A_30_v1.0_VH.tif,opera_burst_files\OPERA_L2_RTC-S1_T014-028627-IW2_20191203T155631Z_20250912T085054Z_S1A_30_v1.0_VH.tif,False,True
OPERA_L2_RTC-S1_T014-028627-IW2_20191121T155631Z_20250912T125444Z_S1A_30_v1.0,additional,OPERA_L2_RTC-S1_T014-028627-IW2_20191121T155631Z_20250912T125444Z_S1A_30_v1.0_VH.tif,https://cumulus.asf.earthdatacloud.nasa.gov/OPERA/OPERA_L2_RTC-S1/OPERA_L2_RTC-S1_T014-028627-IW2_20191121T155631Z_20250912T125444Z_S1A_30_v1.0/OPERA_L2_RTC-S1_T014-028627-IW2_20191121T155631Z_20250912T125444Z_S1A_30_v1.0_VH.tif,opera_burst_files\OPERA_L2_RTC-S1_T014-028627-IW2_20191121T155631Z_20250912T125444Z_S1A_30_v1.0_VH.tif,False,True
OPERA_L2_RTC-S1_T014-028627-IW2_20191109T155631Z_20250912T170601Z_S1A_30_v1.0,additional,OPERA_L2_RTC-S1_T014-028627-IW2_20191109T155631Z_20250912T170601Z_S1A_30_v1.0_VH.tif,https://cumulus.asf.earthdatacloud.nasa.gov/OPERA/OPERA_L2_RTC-S1/OPERA_L2_RTC-S1_T014-028627-IW2_20191109T155631Z_20250912T170601Z_S1A_30_v1.0/OPERA_L2_RTC-S1_T014-028627-IW2_20191109T155631Z_20250912T170601Z_S1A_30_v1.0_VH.tif,opera_burst_files\OPERA_L2_RTC-S1_T014-028627-IW2_20191109T155631Z_20250912T170601Z_S1A_30_v1.0_VH.tif,False,True
OPERA_L2_RTC-S1_T014-028627-IW2_20191028T155631Z_20250912T212517Z_S1A_30_v1.0,additional,OPERA_L2_RTC-S1_T014-028627-IW2_20191028T155631Z_20250912T212517Z_S1A_30_v1.0_VH.tif,https://cumulus.asf.earthdatacloud.nasa.gov/OPERA/OPERA_L2_RTC-S1/OPERA_L2_RTC-S1_T014-028627-IW2_20191028T155631Z_20250912T212517Z_S1A_30_v1.0/OPERA_L2_RTC-S1_T014-028627-IW2_20191028T155631Z_20250912T212517Z_S1A_30_v1.0_VH.tif,opera_burst_files\OPERA_L2_RTC-S1_T014-028627-IW2_20191028T155631Z_20250912T212517Z_S1A_30_v1.0_VH.tif,False,True
OPERA_L2_RTC-S1_T014-028627-IW2_20191016T155631Z_20250913T013553Z_S1A_30_v1.0,additional,OPERA_L2_RTC-S1_T014-028627-IW2_20191016T155631Z_20250913T013553Z_S1A_30_v1.0_VH.tif,https://cumulus.asf.earthdatacloud.nasa.gov/OPERA/OPERA_L2_RTC-S1/OPERA_L2_RTC-S1_T014-028627-IW2_20191016T155631Z_20250913T013553Z_S1A_30_v1.0/OPERA_L2_RTC-S1_T014-028627-IW2_20191016T155631Z_20250913T013553Z_S1A_30_v1.0_VH.tif,opera_burst_files\OPERA_L2_RTC-S1_T014-028627-IW2_20191016T155631Z_20250913T013553Z_S1A_30_v1.0_VH.tif,False,True
OPERA_L2_RTC-S1_T014-028627-IW2_20191004T155631Z_20250913T054307Z_S1A_30_v1.0,additional,OPERA_L2_RTC-S1_T014-028627-IW2_20191004T155631Z_20250913T054307Z_S1A_30_v1.0_VH.tif,https://cumulus.asf.earthdatacloud.nasa.gov/OPERA/OPERA_L2_RTC-S1/OPERA_L2_RTC-S1_T014-028627-IW2_20191004T155631Z_20250913T054307Z_S1A_30_v1.0/OPERA_L2_RTC-S1_T014-028627-IW2_20191004T155631Z_20250913T054307Z_S1A_30_v1.0_VH.tif,opera_burst_files\OPERA_L2_RTC-S1_T014-028627-IW2_20191004T155631Z_20250913T054307Z_S1A_30_v1.0_VH.tif,False,True
OPERA_L2_RTC-S1_T014-028627-IW2_20190922T155631Z_20250913T094030Z_S1A_30_v1.0,additional,OPERA_L2_RTC-S1_T014-028627-IW2_20190922T155631Z_20250913T094030Z_S1A_30_v1.0_VH.tif,https://cumulus.asf.earthdatacloud.nasa.gov/OPERA/OPERA_L2_RTC-S1/OPERA_L2_RTC-S1_T014-028627-IW2_20190922T155631Z_20250913T094030Z_S1A_30_v1.0/OPERA_L2_RTC-S1_T014-028627-IW2_20190922T155631Z_20250913T094030Z_S1A_30_v1.0_VH.tif,opera_burst_files\OPERA_L2_RTC-S1_T014-028627-IW2_20190922T155631Z_20250913T094030Z_S1A_30_v1.0_VH.tif,False,True
OPERA_L2_RTC-S1_T014-028627-IW2_20190910T155631Z_20250913T133552Z_S1A_30_v1.0,additional,OPERA_L2_RTC-S1_T014-028627-IW2_20190910T155631Z_20250913T133552Z_S1A_30_v1.0_VH.tif,https://cumulus.asf.earthdatacloud.nasa.gov/OPERA/OPERA_L2_RTC-S1/OPERA_L2_RTC-S1_T014-028627-IW2_20190910T155631Z_20250913T133552Z_S1A_30_v1.0/OPERA_L2_RTC-S1_T014-028627-IW2_20190910T155631Z_20250913T133552Z_S1A_30_v1.0_VH.tif,opera_burst_files\OPERA_L2_RTC-S1_T014-028627-IW2_20190910T155631Z_20250913T133552Z_S1A_30_v1.0_VH.tif,False,True
OPERA_L2_RTC-S1_T014-028627-IW2_20190829T155630Z_20250913T174021Z_S1A_30_v1.0,additional,OPERA_L2_RTC-S1_T014-028627-IW2_20190829T155630Z_20250913T174021Z_S1A_30_v1.0_VH.tif,https://cumulus.asf.earthdatacloud.nasa.gov/OPERA/OPERA_L2_RTC-S1/OPERA_L2_RTC-S1_T014-028627-IW2_20190829T155630Z_20250913T174021Z_S1A_30_v1.0/OPERA_L2_RTC-S1_T014-028627-IW2_20190829T155630Z_20250913T174021Z_S1A_30_v1.0_VH.tif,opera_burst_files\OPERA_L2_RTC-S1_T014-028627-IW2_20190829T155630Z_20250913T174021Z_S1A_30_v1.0_VH.tif,False,True
OPERA_L2_RTC-S1_T014-028627-IW2_20190817T155630Z_20250914T014906Z_S1A_30_v1.0,additional,OPERA_L2_RTC-S1_T014-028627-IW2_20190817T155630Z_20250914T014906Z_S1A_30_v1.0_VH.tif,https://cumulus.asf.earthdatacloud.nasa.gov/OPERA/OPERA_L2_RTC-S1/OPERA_L2_RTC-S1_T014-028627-IW2_20190817T155630Z_20250914T014906Z_S1A_30_v1.0/OPERA_L2_RTC-S1_T014-028627-IW2_20190817T155630Z_20250914T014906Z_S1A_30_v1.0_VH.tif,opera_burst_files\OPERA_L2_RTC-S1_T014-028627-IW2_20190817T155630Z_20250914T014906Z_S1A_30_v1.0_VH.tif,False,True
OPERA_L2_RTC-S1_T014-028627-IW2_20190805T155629Z_20250914T134917Z_S1A_30_v1.0,additional,OPERA_L2_RTC-S1_T014-028627-IW2_20190805T155629Z_20250914T134917Z_S1A_30_v1.0_VH.tif,https://cumulus.asf.earthdatacloud.nasa.gov/OPERA/OPERA_L2_RTC-S1/OPERA_L2_RTC-S1_T014-028627-IW2_20190805T155629Z_20250914T134917Z_S1A_30_v1.0/OPERA_L2_RTC-S1_T014-028627-IW2_20190805T155629Z_20250914T134917Z_S1A_30_v1.0_VH.tif,opera_burst_files\OPERA_L2_RTC-S1_T014-028627-IW2_20190805T155629Z_20250914T134917Z_S1A_30_v1.0_VH.tif,False,True
OPERA_L2_RTC-S1_T014-028627-IW2_20190724T155628Z_20250915T005930Z_S1A_30_v1.0,additional,OPERA_L2_RTC-S1_T014-028627-IW2_20190724T155628Z_20250915T005930Z_S1A_30_v1.0_VH.tif,https://cumulus.asf.earthdatacloud.nasa.gov/OPERA/OPERA_L2_RTC-S1/OPERA_L2_RTC-S1_T014-028627-IW2_20190724T155628Z_20250915T005930Z_S1A_30_v1.0/OPERA_L2_RTC-S1_T014-028627-IW2_20190724T155628Z_20250915T005930Z_S1A_30_v1.0_VH.tif,opera_burst_files\OPERA_L2_RTC-S1_T014-028627-IW2_20190724T155628Z_20250915T005930Z_S1A_30_v1.0_VH.tif,False,True
OPERA_L2_RTC-S1_T014-028627-IW2_20190712T155627Z_20250915T084039Z_S1A_30_v1.0,additional,OPERA_L2_RTC-S1_T014-028627-IW2_20190712T155627Z_20250915T084039Z_S1A_30_v1.0_VH.tif,https://cumulus.asf.earthdatacloud.nasa.gov/OPERA/OPERA_L2_RTC-S1/OPERA_L2_RTC-S1_T014-028627-IW2_20190712T155627Z_20250915T084039Z_S1A_30_v1.0/OPERA_L2_RTC-S1_T014-028627-IW2_20190712T155627Z_20250915T084039Z_S1A_30_v1.0_VH.tif,opera_burst_files\OPERA_L2_RTC-S1_T014-028627-IW2_20190712T155627Z_20250915T084039Z_S1A_30_v1.0_VH.tif,False,True
OPERA_L2_RTC-S1_T014-028627-IW2_20190630T155626Z_20250913T175554Z_S1A_30_v1.0,additional,OPERA_L2_RTC-S1_T014-028627-IW2_20190630T155626Z_20250913T175554Z_S1A_30_v1.0_VH.tif,https://cumulus.asf.earthdatacloud.nasa.gov/OPERA/OPERA_L2_RTC-S1/OPERA_L2_RTC-S1_T014-028627-IW2_20190630T155626Z_20250913T175554Z_S1A_30_v1.0/OPERA_L2_RTC-S1_T014-028627-IW2_20190630T155626Z_20250913T175554Z_S1A_30_v1.0_VH.tif,opera_burst_files\OPERA_L2_RTC-S1_T014-028627-IW2_20190630T155626Z_20250913T175554Z_S1A_30_v1.0_VH.tif,False,True
OPERA_L2_RTC-S1_T014-028627-IW2_20190618T155626Z_20250914T225953Z_S1A_30_v1.0,additional,OPERA_L2_RTC-S1_T014-028627-IW2_20190618T155626Z_20250914T225953Z_S1A_30_v1.0_VH.tif,https://cumulus.asf.earthdatacloud.nasa.gov/OPERA/OPERA_L2_RTC-S1/OPERA_L2_RTC-S1_T014-028627-IW2_20190618T155626Z_20250914T225953Z_S1A_30_v1.0/OPERA_L2_RTC-S1_T014-028627-IW2_20190618T155626Z_20250914T225953Z_S1A_30_v1.0_VH.tif,opera_burst_files\OPERA_L2_RTC-S1_T014-028627-IW2_20190618T155626Z_20250914T225953Z_S1A_30_v1.0_VH.tif,False,True
OPERA_L2_RTC-S1_T014-028627-IW2_20190606T155625Z_20250914T160624Z_S1A_30_v1.0,additional,OPERA_L2_RTC-S1_T014-028627-IW2_20190606T155625Z_20250914T160624Z_S1A_30_v1.0_VH.tif,https://cumulus.asf.earthdatacloud.nasa.gov/OPERA/OPERA_L2_RTC-S1/OPERA_L2_RTC-S1_T014-028627-IW2_20190606T155625Z_20250914T160624Z_S1A_30_v1.0/OPERA_L2_RTC-S1_T014-028627-IW2_20190606T155625Z_20250914T160624Z_S1A_30_v1.0_VH.tif,opera_burst_files\OPERA_L2_RTC-S1_T014-028627-IW2_20190606T155625Z_20250914T160624Z_S1A_30_v1.0_VH.tif,False,True
OPERA_L2_RTC-S1_T014-028627-IW2_20190525T155624Z_20250914T100041Z_S1A_30_v1.0,additional,OPERA_L2_RTC-S1_T014-028627-IW2_20190525T155624Z_20250914T100041Z_S1A_30_v1.0_VH.tif,https://cumulus.asf.earthdatacloud.nasa.gov/OPERA/OPERA_L2_RTC-S1/OPERA_L2_RTC-S1_T014-028627-IW2_20190525T155624Z_20250914T100041Z_S1A_30_v1.0/OPERA_L2_RTC-S1_T014-028627-IW2_20190525T155624Z_20250914T100041Z_S1A_30_v1.0_VH.tif,opera_burst_files\OPERA_L2_RTC-S1_T014-028627-IW2_20190525T155624Z_20250914T100041Z_S1A_30_v1.0_VH.tif,False,True
OPERA_L2_RTC-S1_T014-028627-IW2_20190513T155624Z_20250914T041949Z_S1A_30_v1.0,additional,OPERA_L2_RTC-S1_T014-028627-IW2_20190513T155624Z_20250914T041949Z_S1A_30_v1.0_VH.tif,https://cumulus.asf.earthdatacloud.nasa.gov/OPERA/OPERA_L2_RTC-S1/OPERA_L2_RTC-S1_T014-028627-IW2_20190513T155624Z_20250914T041949Z_S1A_30_v1.0/OPERA_L2_RTC-S1_T014-028627-IW2_20190513T155624Z_20250914T041949Z_S1A_30_v1.0_VH.tif,opera_burst_files\OPERA_L2_RTC-S1_T014-028627-IW2_20190513T155624Z_20250914T041949Z_S1A_30_v1.0_VH.tif,False,True
OPERA_L2_RTC-S1_T014-028627-IW2_20190501T155623Z_20250913T231257Z_S1A_30_v1.0,additional,OPERA_L2_RTC-S1_T014-028627-IW2_20190501T155623Z_20250913T231257Z_S1A_30_v1.0_VH.tif,https://cumulus.asf.earthdatacloud.nasa.gov/OPERA/OPERA_L2_RTC-S1/OPERA_L2_RTC-S1_T014-028627-IW2_20190501T155623Z_20250913T231257Z_S1A_30_v1.0/OPERA_L2_RTC-S1_T014-028627-IW2_20190501T155623Z_20250913T231257Z_S1A_30_v1.0_VH.tif,opera_burst_files\OPERA_L2_RTC-S1_T014-028627-IW2_20190501T155623Z_20250913T231257Z_S1A_30_v1.0_VH.tif,False,True
OPERA_L2_RTC-S1_T014-028627-IW2_20190419T155623Z_20250915T224501Z_S1A_30_v1.0,additional,OPERA_L2_RTC-S1_T014-028627-IW2_20190419T155623Z_20250915T224501Z_S1A_30_v1.0_VH.tif,https://cumulus.asf.earthdatacloud.nasa.gov/OPERA/OPERA_L2_RTC-S1/OPERA_L2_RTC-S1_T014-028627-IW2_20190419T155623Z_20250915T224501Z_S1A_30_v1.0/OPERA_L2_RTC-S1_T014-028627-IW2_20190419T155623Z_20250915T224501Z_S1A_30_v1.0_VH.tif,opera_burst_files\OPERA_L2_RTC-S1_T014-028627-IW2_20190419T155623Z_20250915T224501Z_S1A_30_v1.0_VH.tif,False,True
OPERA_L2_RTC-S1_T014-028627-IW2_20190407T155622Z_20250916T023109Z_S1A_30_v1.0,additional,OPERA_L2_RTC-S1_T014-028627-IW2_20190407T155622Z_20250916T023109Z_S1A_30_v1.0_VH.tif,https://cumulus.asf.earthdatacloud.nasa.gov/OPERA/OPERA_L2_RTC-S1/OPERA_L2_RTC-S1_T014-028627-IW2_20190407T155622Z_20250916T023109Z_S1A_30_v1.0/OPERA_L2_RTC-S1_T014-028627-IW2_20190407T155622Z_20250916T023109Z_S1A_30_v1.0_VH.tif,opera_burst_files\OPERA_L2_RTC-S1_T014-028627-IW2_20190407T155622Z_20250916T023109Z_S1A_30_v1.0_VH.tif,False,True
OPERA_L2_RTC-S1_T014-028627-IW2_20190326T155622Z_20250916T062221Z_S1A_30_v1.0,additional,OPERA_L2_RTC-S1_T014-028627-IW2_20190326T155622Z_20250916T062221Z_S1A_30_v1.0_VH.tif,https://cumulus.asf.earthdatacloud.nasa.gov/OPERA/OPERA_L2_RTC-S1/OPERA_L2_RTC-S1_T014-028627-IW2_20190326T155622Z_20250916T062221Z_S1A_30_v1.0/OPERA_L2_RTC-S1_T014-028627-IW2_20190326T155622Z_20250916T062221Z_S1A_30_v1.0_VH.tif,opera_burst_files\OPERA_L2_RTC-S1_T014-028627-IW2_20190326T155622Z_20250916T062221Z_S1A_30_v1.0_VH.tif,False,True
OPERA_L2_RTC-S1_T014-028627-IW2_20190314T155622Z_20250916T100809Z_S1A_30_v1.0,additional,OPERA_L2_RTC-S1_T014-028627-IW2_20190314T155622Z_20250916T100809Z_S1A_30_v1.0_VH.tif,https://cumulus.asf.earthdatacloud.nasa.gov/OPERA/OPERA_L2_RTC-S1/OPERA_L2_RTC-S1_T014-028627-IW2_20190314T155622Z_20250916T100809Z_S1A_30_v1.0/OPERA_L2_RTC-S1_T014-028627-IW2_20190314T155622Z_20250916T100809Z_S1A_30_v1.0_VH.tif,opera_burst_files\OPERA_L2_RTC-S1_T014-028627-IW2_20190314T155622Z_20250916T100809Z_S1A_30_v1.0_VH.tif,False,True
OPERA_L2_RTC-S1_T014-028627-IW2_20190302T155622Z_20250929T201751Z_S1A_30_v1.0,additional,OPERA_L2_RTC-S1_T014-028627-IW2_20190302T155622Z_20250929T201751Z_S1A_30_v1.0_VH.tif,https://cumulus.asf.earthdatacloud.nasa.gov/OPERA/OPERA_L2_RTC-S1/OPERA_L2_RTC-S1_T014-028627-IW2_20190302T155622Z_20250929T201751Z_S1A_30_v1.0/OPERA_L2_RTC-S1_T014-028627-IW2_20190302T155622Z_20250929T201751Z_S1A_30_v1.0_VH.tif,opera_burst_files\OPERA_L2_RTC-S1_T014-028627-IW2_20190302T155622Z_20250929T201751Z_S1A_30_v1.0_VH.tif,False,True
OPERA_L2_RTC-S1_T014-028627-IW2_20190218T155622Z_20250929T174132Z_S1A_30_v1.0,additional,OPERA_L2_RTC-S1_T014-028627-IW2_20190218T155622Z_20250929T174132Z_S1A_30_v1.0_VH.tif,https://cumulus.asf.earthdatacloud.nasa.gov/OPERA/OPERA_L2_RTC-S1/OPERA_L2_RTC-S1_T014-028627-IW2_20190218T155622Z_20250929T174132Z_S1A_30_v1.0/OPERA_L2_RTC-S1_T014-028627-IW2_20190218T155622Z_20250929T174132Z_S1A_30_v1.0_VH.tif,opera_burst_files\OPERA_L2_RTC-S1_T014-028627-IW2_20190218T155622Z_20250929T174132Z_S1A_30_v1.0_VH.tif,False,True
OPERA_L2_RTC-S1_T014-028627-IW2_20190206T155622Z_20250916T184624Z_S1A_30_v1.0,additional,OPERA_L2_RTC-S1_T014-028627-IW2_20190206T155622Z_20250916T184624Z_S1A_30_v1.0_VH.tif,https://cumulus.asf.earthdatacloud.nasa.gov/OPERA/OPERA_L2_RTC-S1/OPERA_L2_RTC-S1_T014-028627-IW2_20190206T155622Z_20250916T184624Z_S1A_30_v1.0/OPERA_L2_RTC-S1_T014-028627-IW2_20190206T155622Z_20250916T184624Z_S1A_30_v1.0_VH.tif,opera_burst_files\OPERA_L2_RTC-S1_T014-028627-IW2_20190206T155622Z_20250916T184624Z_S1A_30_v1.0_VH.tif,False,True
OPERA_L2_RTC-S1_T014-028627-IW2_20190125T155622Z_20250916T174921Z_S1A_30_v1.0,additional,OPERA_L2_RTC-S1_T014-028627-IW2_20190125T155622Z_20250916T174921Z_S1A_30_v1.0_VH.tif,https://cumulus.asf.earthdatacloud.nasa.gov/OPERA/OPERA_L2_RTC-S1/OPERA_L2_RTC-S1_T014-028627-IW2_20190125T155622Z_20250916T174921Z_S1A_30_v1.0/OPERA_L2_RTC-S1_T014-028627-IW2_20190125T155622Z_20250916T174921Z_S1A_30_v1.0_VH.tif,opera_burst_files\OPERA_L2_RTC-S1_T014-028627-IW2_20190125T155622Z_20250916T174921Z_S1A_30_v1.0_VH.tif,False,True
OPERA_L2_RTC-S1_T014-028627-IW2_20190113T155623Z_20250916T174528Z_S1A_30_v1.0,additional,OPERA_L2_RTC-S1_T014-028627-IW2_20190113T155623Z_20250916T174528Z_S1A_30_v1.0_VH.tif,https://cumulus.asf.earthdatacloud.nasa.gov/OPERA/OPERA_L2_RTC-S1/OPERA_L2_RTC-S1_T014-028627-IW2_20190113T155623Z_20250916T174528Z_S1A_30_v1.0/OPERA_L2_RTC-S1_T014-028627-IW2_20190113T155623Z_20250916T174528Z_S1A_30_v1.0_VH.tif,opera_burst_files\OPERA_L2_RTC-S1_T014-028627-IW2_20190113T155623Z_20250916T174528Z_S1A_30_v1.0_VH.tif,False,True
OPERA_L2_RTC-S1_T014-028627-IW2_20190101T155623Z_20250918T055359Z_S1A_30_v1.0,additional,OPERA_L2_RTC-S1_T014-028627-IW2_20190101T155623Z_20250918T055359Z_S1A_30_v1.0_VH.tif,https://cumulus.asf.earthdatacloud.nasa.gov/OPERA/OPERA_L2_RTC-S1/OPERA_L2_RTC-S1_T014-028627-IW2_20190101T155623Z_20250918T055359Z_S1A_30_v1.0/OPERA_L2_RTC-S1_T014-028627-IW2_20190101T155623Z_20250918T055359Z_S1A_30_v1.0_VH.tif,opera_burst_files\OPERA_L2_RTC-S1_T014-028627-IW2_20190101T155623Z_20250918T055359Z_S1A_30_v1.0_VH.tif,False,True
OPERA_L2_RTC-S1_T014-028627-IW2_20181220T155624Z_20250917T030311Z_S1A_30_v1.0,additional,OPERA_L2_RTC-S1_T014-028627-IW2_20181220T155624Z_20250917T030311Z_S1A_30_v1.0_VH.tif,https://cumulus.asf.earthdatacloud.nasa.gov/OPERA/OPERA_L2_RTC-S1/OPERA_L2_RTC-S1_T014-028627-IW2_20181220T155624Z_20250917T030311Z_S1A_30_v1.0/OPERA_L2_RTC-S1_T014-028627-IW2_20181220T155624Z_20250917T030311Z_S1A_30_v1.0_VH.tif,opera_burst_files\OPERA_L2_RTC-S1_T014-028627-IW2_20181220T155624Z_20250917T030311Z_S1A_30_v1.0_VH.tif,False,True
OPERA_L2_RTC-S1_T014-028627-IW2_20181208T155624Z_20250917T144015Z_S1A_30_v1.0,additional,OPERA_L2_RTC-S1_T014-028627-IW2_20181208T155624Z_20250917T144015Z_S1A_30_v1.0_VH.tif,https://cumulus.asf.earthdatacloud.nasa.gov/OPERA/OPERA_L2_RTC-S1/OPERA_L2_RTC-S1_T014-028627-IW2_20181208T155624Z_20250917T144015Z_S1A_30_v1.0/OPERA_L2_RTC-S1_T014-028627-IW2_20181208T155624Z_20250917T144015Z_S1A_30_v1.0_VH.tif,opera_burst_files\OPERA_L2_RTC-S1_T014-028627-IW2_20181208T155624Z_20250917T144015Z_S1A_30_v1.0_VH.tif,False,True
OPERA_L2_RTC-S1_T014-028627-IW2_20181126T155624Z_20250917T150407Z_S1A_30_v1.0,additional,OPERA_L2_RTC-S1_T014-028627-IW2_20181126T155624Z_20250917T150407Z_S1A_30_v1.0_VH.tif,https://cumulus.asf.earthdatacloud.nasa.gov/OPERA/OPERA_L2_RTC-S1/OPERA_L2_RTC-S1_T014-028627-IW2_20181126T155624Z_20250917T150407Z_S1A_30_v1.0/OPERA_L2_RTC-S1_T014-028627-IW2_20181126T155624Z_20250917T150407Z_S1A_30_v1.0_VH.tif,opera_burst_files\OPERA_L2_RTC-S1_T014-028627-IW2_20181126T155624Z_20250917T150407Z_S1A_30_v1.0_VH.tif,False,True
OPERA_L2_RTC-S1_T014-028627-IW2_20181114T155625Z_20250919T105520Z_S1A_30_v1.0,additional,OPERA_L2_RTC-S1_T014-028627-IW2_20181114T155625Z_20250919T105520Z_S1A_30_v1.0_VH.tif,https://cumulus.asf.earthdatacloud.nasa.gov/OPERA/OPERA_L2_RTC-S1/OPERA_L2_RTC-S1_T014-028627-IW2_20181114T155625Z_20250919T105520Z_S1A_30_v1.0/OPERA_L2_RTC-S1_T014-028627-IW2_20181114T155625Z_20250919T105520Z_S1A_30_v1.0_VH.tif,opera_burst_files\OPERA_L2_RTC-S1_T014-028627-IW2_20181114T155625Z_20250919T105520Z_S1A_30_v1.0_VH.tif,False,True
OPERA_L2_RTC-S1_T014-028627-IW2_20181102T155625Z_20250930T005525Z_S1A_30_v1.0,additional,OPERA_L2_RTC-S1_T014-028627-IW2_20181102T155625Z_20250930T005525Z_S1A_30_v1.0_VH.tif,https://cumulus.asf.earthdatacloud.nasa.gov/OPERA/OPERA_L2_RTC-S1/OPERA_L2_RTC-S1_T014-028627-IW2_20181102T155625Z_20250930T005525Z_S1A_30_v1.0/OPERA_L2_RTC-S1_T014-028627-IW2_20181102T155625Z_20250930T005525Z_S1A_30_v1.0_VH.tif,opera_burst_files\OPERA_L2_RTC-S1_T014-028627-IW2_20181102T155625Z_20250930T005525Z_S1A_30_v1.0_VH.tif,False,True
OPERA_L2_RTC-S1_T014-028627-IW2_20181021T155625Z_20250919T153859Z_S1A_30_v1.0,additional,OPERA_L2_RTC-S1_T014-028627-IW2_20181021T155625Z_20250919T153859Z_S1A_30_v1.0_VH.tif,https://cumulus.asf.earthdatacloud.nasa.gov/OPERA/OPERA_L2_RTC-S1/OPERA_L2_RTC-S1_T014-028627-IW2_20181021T155625Z_20250919T153859Z_S1A_30_v1.0/OPERA_L2_RTC-S1_T014-028627-IW2_20181021T155625Z_20250919T153859Z_S1A_30_v1.0_VH.tif,opera_burst_files\OPERA_L2_RTC-S1_T014-028627-IW2_20181021T155625Z_20250919T153859Z_S1A_30_v1.0_VH.tif,False,True
OPERA_L2_RTC-S1_T014-028627-IW2_20181009T155625Z_20250918T183424Z_S1A_30_v1.0,additional,OPERA_L2_RTC-S1_T014-028627-IW2_20181009T155625Z_20250918T183424Z_S1A_30_v1.0_VH.tif,https://cumulus.asf.earthdatacloud.nasa.gov/OPERA/OPERA_L2_RTC-S1/OPERA_L2_RTC-S1_T014-028627-IW2_20181009T155625Z_20250918T183424Z_S1A_30_v1.0/OPERA_L2_RTC-S1_T014-028627-IW2_20181009T155625Z_20250918T183424Z_S1A_30_v1.0_VH.tif,opera_burst_files\OPERA_L2_RTC-S1_T014-028627-IW2_20181009T155625Z_20250918T183424Z_S1A_30_v1.0_VH.tif,False,True
OPERA_L2_RTC-S1_T014-028627-IW2_20180927T155625Z_20250919T165320Z_S1A_30_v1.0,additional,OPERA_L2_RTC-S1_T014-028627-IW2_20180927T155625Z_20250919T165320Z_S1A_30_v1.0_VH.tif,https://cumulus.asf.earthdatacloud.nasa.gov/OPERA/OPERA_L2_RTC-S1/OPERA_L2_RTC-S1_T014-028627-IW2_20180927T155625Z_20250919T165320Z_S1A_30_v1.0/OPERA_L2_RTC-S1_T014-028627-IW2_20180927T155625Z_20250919T165320Z_S1A_30_v1.0_VH.tif,opera_burst_files\OPERA_L2_RTC-S1_T014-028627-IW2_20180927T155625Z_20250919T165320Z_S1A_30_v1.0_VH.tif,False,True
OPERA_L2_RTC-S1_T014-028627-IW2_20180915T155625Z_20250917T041034Z_S1A_30_v1.0,additional,OPERA_L2_RTC-S1_T014-028627-IW2_20180915T155625Z_20250917T041034Z_S1A_30_v1.0_VH.tif,https://cumulus.asf.earthdatacloud.nasa.gov/OPERA/OPERA_L2_RTC-S1/OPERA_L2_RTC-S1_T014-028627-IW2_20180915T155625Z_20250917T041034Z_S1A_30_v1.0/OPERA_L2_RTC-S1_T014-028627-IW2_20180915T155625Z_20250917T041034Z_S1A_30_v1.0_VH.tif,opera_burst_files\OPERA_L2_RTC-S1_T014-028627-IW2_20180915T155625Z_20250917T041034Z_S1A_30_v1.0_VH.tif,False,True
OPERA_L2_RTC-S1_T014-028627-IW2_20180903T155624Z_20250918T023649Z_S1A_30_v1.0,additional,OPERA_L2_RTC-S1_T014-028627-IW2_20180903T155624Z_20250918T023649Z_S1A_30_v1.0_VH.tif,https://cumulus.asf.earthdatacloud.nasa.gov/OPERA/OPERA_L2_RTC-S1/OPERA_L2_RTC-S1_T014-028627-IW2_20180903T155624Z_20250918T023649Z_S1A_30_v1.0/OPERA_L2_RTC-S1_T014-028627-IW2_20180903T155624Z_20250918T023649Z_S1A_30_v1.0_VH.tif,opera_burst_files\OPERA_L2_RTC-S1_T014-028627-IW2_20180903T155624Z_20250918T023649Z_S1A_30_v1.0_VH.tif,False,True
OPERA_L2_RTC-S1_T014-028627-IW2_20180822T155623Z_20250919T062521Z_S1A_30_v1.0,additional,OPERA_L2_RTC-S1_T014-028627-IW2_20180822T155623Z_20250919T062521Z_S1A_30_v1.0_VH.tif,https://cumulus.asf.earthdatacloud.nasa.gov/OPERA/OPERA_L2_RTC-S1/OPERA_L2_RTC-S1_T014-028627-IW2_20180822T155623Z_20250919T062521Z_S1A_30_v1.0/OPERA_L2_RTC-S1_T014-028627-IW2_20180822T155623Z_20250919T062521Z_S1A_30_v1.0_VH.tif,opera_burst_files\OPERA_L2_RTC-S1_T014-028627-IW2_20180822T155623Z_20250919T062521Z_S1A_30_v1.0_VH.tif,False,True
OPERA_L2_RTC-S1_T014-028627-IW2_20180810T155623Z_20250918T005527Z_S1A_30_v1.0,additional,OPERA_L2_RTC-S1_T014-028627-IW2_20180810T155623Z_20250918T005527Z_S1A_30_v1.0_VH.tif,https://cumulus.asf.earthdatacloud.nasa.gov/OPERA/OPERA_L2_RTC-S1/OPERA_L2_RTC-S1_T014-028627-IW2_20180810T155623Z_20250918T005527Z_S1A_30_v1.0/OPERA_L2_RTC-S1_T014-028627-IW2_20180810T155623Z_20250918T005527Z_S1A_30_v1.0_VH.tif,opera_burst_files\OPERA_L2_RTC-S1_T014-028627-IW2_20180810T155623Z_20250918T005527Z_S1A_30_v1.0_VH.tif,False,True
OPERA_L2_RTC-S1_T014-028627-IW2_20180729T155622Z_20250919T170539Z_S1A_30_v1.0,additional,OPERA_L2_RTC-S1_T014-028627-IW2_20180729T155622Z_20250919T170539Z_S1A_30_v1.0_VH.tif,https://cumulus.asf.earthdatacloud.nasa.gov/OPERA/OPERA_L2_RTC-S1/OPERA_L2_RTC-S1_T014-028627-IW2_20180729T155622Z_20250919T170539Z_S1A_30_v1.0/OPERA_L2_RTC-S1_T014-028627-IW2_20180729T155622Z_20250919T170539Z_S1A_30_v1.0_VH.tif,opera_burst_files\OPERA_L2_RTC-S1_T014-028627-IW2_20180729T155622Z_20250919T170539Z_S1A_30_v1.0_VH.tif,False,True
OPERA_L2_RTC-S1_T014-028627-IW2_20180717T155621Z_20250917T070738Z_S1A_30_v1.0,additional,OPERA_L2_RTC-S1_T014-028627-IW2_20180717T155621Z_20250917T070738Z_S1A_30_v1.0_VH.tif,https://cumulus.asf.earthdatacloud.nasa.gov/OPERA/OPERA_L2_RTC-S1/OPERA_L2_RTC-S1_T014-028627-IW2_20180717T155621Z_20250917T070738Z_S1A_30_v1.0/OPERA_L2_RTC-S1_T014-028627-IW2_20180717T155621Z_20250917T070738Z_S1A_30_v1.0_VH.tif,opera_burst_files\OPERA_L2_RTC-S1_T014-028627-IW2_20180717T155621Z_20250917T070738Z_S1A_30_v1.0_VH.tif,False,True
OPERA_L2_RTC-S1_T014-028627-IW2_20180705T155620Z_20250917T004528Z_S1A_30_v1.0,additional,OPERA_L2_RTC-S1_T014-028627-IW2_20180705T155620Z_20250917T004528Z_S1A_30_v1.0_VH.tif,https://cumulus.asf.earthdatacloud.nasa.gov/OPERA/OPERA_L2_RTC-S1/OPERA_L2_RTC-S1_T014-028627-IW2_20180705T155620Z_20250917T004528Z_S1A_30_v1.0/OPERA_L2_RTC-S1_T014-028627-IW2_20180705T155620Z_20250917T004528Z_S1A_30_v1.0_VH.tif,opera_burst_files\OPERA_L2_RTC-S1_T014-028627-IW2_20180705T155620Z_20250917T004528Z_S1A_30_v1.0_VH.tif,False,True
OPERA_L2_RTC-S1_T014-028627-IW2_20180623T155620Z_20250921T192614Z_S1A_30_v1.0,additional,OPERA_L2_RTC-S1_T014-028627-IW2_20180623T155620Z_20250921T192614Z_S1A_30_v1.0_VH.tif,https://cumulus.asf.earthdatacloud.nasa.gov/OPERA/OPERA_L2_RTC-S1/OPERA_L2_RTC-S1_T014-028627-IW2_20180623T155620Z_20250921T192614Z_S1A_30_v1.0/OPERA_L2_RTC-S1_T014-028627-IW2_20180623T155620Z_20250921T192614Z_S1A_30_v1.0_VH.tif,opera_burst_files\OPERA_L2_RTC-S1_T014-028627-IW2_20180623T155620Z_20250921T192614Z_S1A_30_v1.0_VH.tif,False,True
OPERA_L2_RTC-S1_T014-028627-IW2_20180611T155619Z_20250920T233149Z_S1A_30_v1.0,additional,OPERA_L2_RTC-S1_T014-028627-IW2_20180611T155619Z_20250920T233149Z_S1A_30_v1.0_VH.tif,https://cumulus.asf.earthdatacloud.nasa.gov/OPERA/OPERA_L2_RTC-S1/OPERA_L2_RTC-S1_T014-028627-IW2_20180611T155619Z_20250920T233149Z_S1A_30_v1.0/OPERA_L2_RTC-S1_T014-028627-IW2_20180611T155619Z_20250920T233149Z_S1A_30_v1.0_VH.tif,opera_burst_files\OPERA_L2_RTC-S1_T014-028627-IW2_20180611T155619Z_20250920T233149Z_S1A_30_v1.0_VH.tif,False,True
OPERA_L2_RTC-S1_T014-028627-IW2_20180530T155618Z_20250929T223637Z_S1A_30_v1.0,additional,OPERA_L2_RTC-S1_T014-028627-IW2_20180530T155618Z_20250929T223637Z_S1A_30_v1.0_VH.tif,https://cumulus.asf.earthdatacloud.nasa.gov/OPERA/OPERA_L2_RTC-S1/OPERA_L2_RTC-S1_T014-028627-IW2_20180530T155618Z_20250929T223637Z_S1A_30_v1.0/OPERA_L2_RTC-S1_T014-028627-IW2_20180530T155618Z_20250929T223637Z_S1A_30_v1.0_VH.tif,opera_burst_files\OPERA_L2_RTC-S1_T014-028627-IW2_20180530T155618Z_20250929T223637Z_S1A_30_v1.0_VH.tif,False,True
OPERA_L2_RTC-S1_T014-028627-IW2_20180518T155618Z_20250921T113638Z_S1A_30_v1.0,additional,OPERA_L2_RTC-S1_T014-028627-IW2_20180518T155618Z_20250921T113638Z_S1A_30_v1.0_VH.tif,https://cumulus.asf.earthdatacloud.nasa.gov/OPERA/OPERA_L2_RTC-S1/OPERA_L2_RTC-S1_T014-028627-IW2_20180518T155618Z_20250921T113638Z_S1A_30_v1.0/OPERA_L2_RTC-S1_T014-028627-IW2_20180518T155618Z_20250921T113638Z_S1A_30_v1.0_VH.tif,opera_burst_files\OPERA_L2_RTC-S1_T014-028627-IW2_20180518T155618Z_20250921T113638Z_S1A_30_v1.0_VH.tif,False,True
OPERA_L2_RTC-S1_T014-028627-IW2_20180506T155617Z_20250920T121612Z_S1A_30_v1.0,additional,OPERA_L2_RTC-S1_T014-028627-IW2_20180506T155617Z_20250920T121612Z_S1A_30_v1.0_VH.tif,https://cumulus.asf.earthdatacloud.nasa.gov/OPERA/OPERA_L2_RTC-S1/OPERA_L2_RTC-S1_T014-028627-IW2_20180506T155617Z_20250920T121612Z_S1A_30_v1.0/OPERA_L2_RTC-S1_T014-028627-IW2_20180506T155617Z_20250920T121612Z_S1A_30_v1.0_VH.tif,opera_burst_files\OPERA_L2_RTC-S1_T014-028627-IW2_20180506T155617Z_20250920T121612Z_S1A_30_v1.0_VH.tif,False,True
OPERA_L2_RTC-S1_T014-028627-IW2_20180424T155617Z_20250921T092951Z_S1A_30_v1.0,additional,OPERA_L2_RTC-S1_T014-028627-IW2_20180424T155617Z_20250921T092951Z_S1A_30_v1.0_VH.tif,https://cumulus.asf.earthdatacloud.nasa.gov/OPERA/OPERA_L2_RTC-S1/OPERA_L2_RTC-S1_T014-028627-IW2_20180424T155617Z_20250921T092951Z_S1A_30_v1.0/OPERA_L2_RTC-S1_T014-028627-IW2_20180424T155617Z_20250921T092951Z_S1A_30_v1.0_VH.tif,opera_burst_files\OPERA_L2_RTC-S1_T014-028627-IW2_20180424T155617Z_20250921T092951Z_S1A_30_v1.0_VH.tif,False,True
OPERA_L2_RTC-S1_T014-028627-IW2_20180412T155616Z_20250920T213644Z_S1A_30_v1.0,additional,OPERA_L2_RTC-S1_T014-028627-IW2_20180412T155616Z_20250920T213644Z_S1A_30_v1.0_VH.tif,https://cumulus.asf.earthdatacloud.nasa.gov/OPERA/OPERA_L2_RTC-S1/OPERA_L2_RTC-S1_T014-028627-IW2_20180412T155616Z_20250920T213644Z_S1A_30_v1.0/OPERA_L2_RTC-S1_T014-028627-IW2_20180412T155616Z_20250920T213644Z_S1A_30_v1.0_VH.tif,opera_burst_files\OPERA_L2_RTC-S1_T014-028627-IW2_20180412T155616Z_20250920T213644Z_S1A_30_v1.0_VH.tif,False,True
OPERA_L2_RTC-S1_T014-028627-IW2_20180331T155616Z_20250921T115407Z_S1A_30_v1.0,additional,OPERA_L2_RTC-S1_T014-028627-IW2_20180331T155616Z_20250921T115407Z_S1A_30_v1.0_VH.tif,https://cumulus.asf.earthdatacloud.nasa.gov/OPERA/OPERA_L2_RTC-S1/OPERA_L2_RTC-S1_T014-028627-IW2_20180331T155616Z_20250921T115407Z_S1A_30_v1.0/OPERA_L2_RTC-S1_T014-028627-IW2_20180331T155616Z_20250921T115407Z_S1A_30_v1.0_VH.tif,opera_burst_files\OPERA_L2_RTC-S1_T014-028627-IW2_20180331T155616Z_20250921T115407Z_S1A_30_v1.0_VH.tif,False,True
OPERA_L2_RTC-S1_T014-028627-IW2_20180319T155615Z_20250921T055457Z_S1A_30_v1.0,additional,OPERA_L2_RTC-S1_T014-028627-IW2_20180319T155615Z_20250921T055457Z_S1A_30_v1.0_VH.tif,https://cumulus.asf.earthdatacloud.nasa.gov/OPERA/OPERA_L2_RTC-S1/OPERA_L2_RTC-S1_T014-028627-IW2_20180319T155615Z_20250921T055457Z_S1A_30_v1.0/OPERA_L2_RTC-S1_T014-028627-IW2_20180319T155615Z_20250921T055457Z_S1A_30_v1.0_VH.tif,opera_burst_files\OPERA_L2_RTC-S1_T014-028627-IW2_20180319T155615Z_20250921T055457Z_S1A_30_v1.0_VH.tif,False,True
OPERA_L2_RTC-S1_T014-028627-IW2_20180307T155615Z_20250920T191457Z_S1A_30_v1.0,additional,OPERA_L2_RTC-S1_T014-028627-IW2_20180307T155615Z_20250920T191457Z_S1A_30_v1.0_VH.tif,https://cumulus.asf.earthdatacloud.nasa.gov/OPERA/OPERA_L2_RTC-S1/OPERA_L2_RTC-S1_T014-028627-IW2_20180307T155615Z_20250920T191457Z_S1A_30_v1.0/OPERA_L2_RTC-S1_T014-028627-IW2_20180307T155615Z_20250920T191457Z_S1A_30_v1.0_VH.tif,opera_burst_files\OPERA_L2_RTC-S1_T014-028627-IW2_20180307T155615Z_20250920T191457Z_S1A_30_v1.0_VH.tif,False,True
OPERA_L2_RTC-S1_T014-028627-IW2_20180223T155615Z_20250920T151501Z_S1A_30_v1.0,additional,OPERA_L2_RTC-S1_T014-028627-IW2_20180223T155615Z_20250920T151501Z_S1A_30_v1.0_VH.tif,https://cumulus.asf.earthdatacloud.nasa.gov/OPERA/OPERA_L2_RTC-S1/OPERA_L2_RTC-S1_T014-028627-IW2_20180223T155615Z_20250920T151501Z_S1A_30_v1.0/OPERA_L2_RTC-S1_T014-028627-IW2_20180223T155615Z_20250920T151501Z_S1A_30_v1.0_VH.tif,opera_burst_files\OPERA_L2_RTC-S1_T014-028627-IW2_20180223T155615Z_20250920T151501Z_S1A_30_v1.0_VH.tif,False,True
OPERA_L2_RTC-S1_T014-028627-IW2_20180211T155615Z_20250920T154248Z_S1A_30_v1.0,additional,OPERA_L2_RTC-S1_T014-028627-IW2_20180211T155615Z_20250920T154248Z_S1A_30_v1.0_VH.tif,https://cumulus.asf.earthdatacloud.nasa.gov/OPERA/OPERA_L2_RTC-S1/OPERA_L2_RTC-S1_T014-028627-IW2_20180211T155615Z_20250920T154248Z_S1A_30_v1.0/OPERA_L2_RTC-S1_T014-028627-IW2_20180211T155615Z_20250920T154248Z_S1A_30_v1.0_VH.tif,opera_burst_files\OPERA_L2_RTC-S1_T014-028627-IW2_20180211T155615Z_20250920T154248Z_S1A_30_v1.0_VH.tif,False,True
OPERA_L2_RTC-S1_T014-028627-IW2_20180130T155616Z_20250920T155037Z_S1A_30_v1.0,additional,OPERA_L2_RTC-S1_T014-028627-IW2_20180130T155616Z_20250920T155037Z_S1A_30_v1.0_VH.tif,https://cumulus.asf.earthdatacloud.nasa.gov/OPERA/OPERA_L2_RTC-S1/OPERA_L2_RTC-S1_T014-028627-IW2_20180130T155616Z_20250920T155037Z_S1A_30_v1.0/OPERA_L2_RTC-S1_T014-028627-IW2_20180130T155616Z_20250920T155037Z_S1A_30_v1.0_VH.tif,opera_burst_files\OPERA_L2_RTC-S1_T014-028627-IW2_20180130T155616Z_20250920T155037Z_S1A_30_v1.0_VH.tif,False,True
OPERA_L2_RTC-S1_T014-028627-IW2_20180118T155616Z_20250921T161106Z_S1A_30_v1.0,additional,OPERA_L2_RTC-S1_T014-028627-IW2_20180118T155616Z_20250921T161106Z_S1A_30_v1.0_VH.tif,https://cumulus.asf.earthdatacloud.nasa.gov/OPERA/OPERA_L2_RTC-S1/OPERA_L2_RTC-S1_T014-028627-IW2_20180118T155616Z_20250921T161106Z_S1A_30_v1.0/OPERA_L2_RTC-S1_T014-028627-IW2_20180118T155616Z_20250921T161106Z_S1A_30_v1.0_VH.tif,opera_burst_files\OPERA_L2_RTC-S1_T014-028627-IW2_20180118T155616Z_20250921T161106Z_S1A_30_v1.0_VH.tif,False,True
OPERA_L2_RTC-S1_T014-028627-IW2_20180106T155616Z_20250921T113530Z_S1A_30_v1.0,additional,OPERA_L2_RTC-S1_T014-028627-IW2_20180106T155616Z_20250921T113530Z_S1A_30_v1.0_VH.tif,https://cumulus.asf.earthdatacloud.nasa.gov/OPERA/OPERA_L2_RTC-S1/OPERA_L2_RTC-S1_T014-028627-IW2_20180106T155616Z_20250921T113530Z_S1A_30_v1.0/OPERA_L2_RTC-S1_T014-028627-IW2_20180106T155616Z_20250921T113530Z_S1A_30_v1.0_VH.tif,opera_burst_files\OPERA_L2_RTC-S1_T014-028627-IW2_20180106T155616Z_20250921T113530Z_S1A_30_v1.0_VH.tif,False,True
OPERA_L2_RTC-S1_T014-028627-IW2_20171225T155617Z_20250930T072959Z_S1A_30_v1.0,additional,OPERA_L2_RTC-S1_T014-028627-IW2_20171225T155617Z_20250930T072959Z_S1A_30_v1.0_VH.tif,https://cumulus.asf.earthdatacloud.nasa.gov/OPERA/OPERA_L2_RTC-S1/OPERA_L2_RTC-S1_T014-028627-IW2_20171225T155617Z_20250930T072959Z_S1A_30_v1.0/OPERA_L2_RTC-S1_T014-028627-IW2_20171225T155617Z_20250930T072959Z_S1A_30_v1.0_VH.tif,opera_burst_files\OPERA_L2_RTC-S1_T014-028627-IW2_20171225T155617Z_20250930T072959Z_S1A_30_v1.0_VH.tif,False,True
OPERA_L2_RTC-S1_T014-028627-IW2_20171213T155617Z_20250930T232859Z_S1A_30_v1.0,additional,OPERA_L2_RTC-S1_T014-028627-IW2_20171213T155617Z_20250930T232859Z_S1A_30_v1.0_VH.tif,https://cumulus.asf.earthdatacloud.nasa.gov/OPERA/OPERA_L2_RTC-S1/OPERA_L2_RTC-S1_T014-028627-IW2_20171213T155617Z_20250930T232859Z_S1A_30_v1.0/OPERA_L2_RTC-S1_T014-028627-IW2_20171213T155617Z_20250930T232859Z_S1A_30_v1.0_VH.tif,opera_burst_files\OPERA_L2_RTC-S1_T014-028627-IW2_20171213T155617Z_20250930T232859Z_S1A_30_v1.0_VH.tif,False,True
OPERA_L2_RTC-S1_T014-028627-IW2_20171201T155618Z_20250929T211032Z_S1A_30_v1.0,additional,OPERA_L2_RTC-S1_T014-028627-IW2_20171201T155618Z_20250929T211032Z_S1A_30_v1.0_VH.tif,https://cumulus.asf.earthdatacloud.nasa.gov/OPERA/OPERA_L2_RTC-S1/OPERA_L2_RTC-S1_T014-028627-IW2_20171201T155618Z_20250929T211032Z_S1A_30_v1.0/OPERA_L2_RTC-S1_T014-028627-IW2_20171201T155618Z_20250929T211032Z_S1A_30_v1.0_VH.tif,opera_burst_files\OPERA_L2_RTC-S1_T014-028627-IW2_20171201T155618Z_20250929T211032Z_S1A_30_v1.0_VH.tif,False,True
OPERA_L2_RTC-S1_T014-028627-IW2_20171119T155618Z_20250922T205321Z_S1A_30_v1.0,additional,OPERA_L2_RTC-S1_T014-028627-IW2_20171119T155618Z_20250922T205321Z_S1A_30_v1.0_VH.tif,https://cumulus.asf.earthdatacloud.nasa.gov/OPERA/OPERA_L2_RTC-S1/OPERA_L2_RTC-S1_T014-028627-IW2_20171119T155618Z_20250922T205321Z_S1A_30_v1.0/OPERA_L2_RTC-S1_T014-028627-IW2_20171119T155618Z_20250922T205321Z_S1A_30_v1.0_VH.tif,opera_burst_files\OPERA_L2_RTC-S1_T014-028627-IW2_20171119T155618Z_20250922T205321Z_S1A_30_v1.0_VH.tif,False,True
OPERA_L2_RTC-S1_T014-028627-IW2_20171107T155618Z_20250922T214200Z_S1A_30_v1.0,additional,OPERA_L2_RTC-S1_T014-028627-IW2_20171107T155618Z_20250922T214200Z_S1A_30_v1.0_VH.tif,https://cumulus.asf.earthdatacloud.nasa.gov/OPERA/OPERA_L2_RTC-S1/OPERA_L2_RTC-S1_T014-028627-IW2_20171107T155618Z_20250922T214200Z_S1A_30_v1.0/OPERA_L2_RTC-S1_T014-028627-IW2_20171107T155618Z_20250922T214200Z_S1A_30_v1.0_VH.tif,opera_burst_files\OPERA_L2_RTC-S1_T014-028627-IW2_20171107T155618Z_20250922T214200Z_S1A_30_v1.0_VH.tif,False,True
OPERA_L2_RTC-S1_T014-028627-IW2_20171026T155619Z_20250923T041230Z_S1A_30_v1.0,additional,OPERA_L2_RTC-S1_T014-028627-IW2_20171026T155619Z_20250923T041230Z_S1A_30_v1.0_VH.tif,https://cumulus.asf.earthdatacloud.nasa.gov/OPERA/OPERA_L2_RTC-S1/OPERA_L2_RTC-S1_T014-028627-IW2_20171026T155619Z_20250923T041230Z_S1A_30_v1.0/OPERA_L2_RTC-S1_T014-028627-IW2_20171026T155619Z_20250923T041230Z_S1A_30_v1.0_VH.tif,opera_burst_files\OPERA_L2_RTC-S1_T014-028627-IW2_20171026T155619Z_20250923T041230Z_S1A_30_v1.0_VH.tif,False,True
OPERA_L2_RTC-S1_T014-028627-IW2_20171014T155619Z_20250923T222436Z_S1A_30_v1.0,additional,OPERA_L2_RTC-S1_T014-028627-IW2_20171014T155619Z_20250923T222436Z_S1A_30_v1.0_VH.tif,https://cumulus.asf.earthdatacloud.nasa.gov/OPERA/OPERA_L2_RTC-S1/OPERA_L2_RTC-S1_T014-028627-IW2_20171014T155619Z_20250923T222436Z_S1A_30_v1.0/OPERA_L2_RTC-S1_T014-028627-IW2_20171014T155619Z_20250923T222436Z_S1A_30_v1.0_VH.tif,opera_burst_files\OPERA_L2_RTC-S1_T014-028627-IW2_20171014T155619Z_20250923T222436Z_S1A_30_v1.0_VH.tif,False,True
OPERA_L2_RTC-S1_T014-028627-IW2_20171002T155618Z_20250924T055238Z_S1A_30_v1.0,additional,OPERA_L2_RTC-S1_T014-028627-IW2_20171002T155618Z_20250924T055238Z_S1A_30_v1.0_VH.tif,https://cumulus.asf.earthdatacloud.nasa.gov/OPERA/OPERA_L2_RTC-S1/OPERA_L2_RTC-S1_T014-028627-IW2_20171002T155618Z_20250924T055238Z_S1A_30_v1.0/OPERA_L2_RTC-S1_T014-028627-IW2_20171002T155618Z_20250924T055238Z_S1A_30_v1.0_VH.tif,opera_burst_files\OPERA_L2_RTC-S1_T014-028627-IW2_20171002T155618Z_20250924T055238Z_S1A_30_v1.0_VH.tif,False,True
OPERA_L2_RTC-S1_T014-028627-IW2_20170920T155618Z_20250924T043323Z_S1A_30_v1.0,additional,OPERA_L2_RTC-S1_T014-028627-IW2_20170920T155618Z_20250924T043323Z_S1A_30_v1.0_VH.tif,https://cumulus.asf.earthdatacloud.nasa.gov/OPERA/OPERA_L2_RTC-S1/OPERA_L2_RTC-S1_T014-028627-IW2_20170920T155618Z_20250924T043323Z_S1A_30_v1.0/OPERA_L2_RTC-S1_T014-028627-IW2_20170920T155618Z_20250924T043323Z_S1A_30_v1.0_VH.tif,opera_burst_files\OPERA_L2_RTC-S1_T014-028627-IW2_20170920T155618Z_20250924T043323Z_S1A_30_v1.0_VH.tif,False,True
OPERA_L2_RTC-S1_T014-028627-IW2_20170908T155618Z_20250923T020629Z_S1A_30_v1.0,additional,OPERA_L2_RTC-S1_T014-028627-IW2_20170908T155618Z_20250923T020629Z_S1A_30_v1.0_VH.tif,https://cumulus.asf.earthdatacloud.nasa.gov/OPERA/OPERA_L2_RTC-S1/OPERA_L2_RTC-S1_T014-028627-IW2_20170908T155618Z_20250923T020629Z_S1A_30_v1.0/OPERA_L2_RTC-S1_T014-028627-IW2_20170908T155618Z_20250923T020629Z_S1A_30_v1.0_VH.tif,opera_burst_files\OPERA_L2_RTC-S1_T014-028627-IW2_20170908T155618Z_20250923T020629Z_S1A_30_v1.0_VH.tif,False,True
OPERA_L2_RTC-S1_T014-028627-IW2_20170827T155617Z_20250924T050413Z_S1A_30_v1.0,additional,OPERA_L2_RTC-S1_T014-028627-IW2_20170827T155617Z_20250924T050413Z_S1A_30_v1.0_VH.tif,https://cumulus.asf.earthdatacloud.nasa.gov/OPERA/OPERA_L2_RTC-S1/OPERA_L2_RTC-S1_T014-028627-IW2_20170827T155617Z_20250924T050413Z_S1A_30_v1.0/OPERA_L2_RTC-S1_T014-028627-IW2_20170827T155617Z_20250924T050413Z_S1A_30_v1.0_VH.tif,opera_burst_files\OPERA_L2_RTC-S1_T014-028627-IW2_20170827T155617Z_20250924T050413Z_S1A_30_v1.0_VH.tif,False,True
OPERA_L2_RTC-S1_T014-028627-IW2_20170815T155617Z_20250923T195024Z_S1A_30_v1.0,additional,OPERA_L2_RTC-S1_T014-028627-IW2_20170815T155617Z_20250923T195024Z_S1A_30_v1.0_VH.tif,https://cumulus.asf.earthdatacloud.nasa.gov/OPERA/OPERA_L2_RTC-S1/OPERA_L2_RTC-S1_T014-028627-IW2_20170815T155617Z_20250923T195024Z_S1A_30_v1.0/OPERA_L2_RTC-S1_T014-028627-IW2_20170815T155617Z_20250923T195024Z_S1A_30_v1.0_VH.tif,opera_burst_files\OPERA_L2_RTC-S1_T014-028627-IW2_20170815T155617Z_20250923T195024Z_S1A_30_v1.0_VH.tif,False,True
OPERA_L2_RTC-S1_T014-028627-IW2_20170803T155616Z_20250923T144225Z_S1A_30_v1.0,additional,OPERA_L2_RTC-S1_T014-028627-IW2_20170803T155616Z_20250923T144225Z_S1A_30_v1.0_VH.tif,https://cumulus.asf.earthdatacloud.nasa.gov/OPERA/OPERA_L2_RTC-S1/OPERA_L2_RTC-S1_T014-028627-IW2_20170803T155616Z_20250923T144225Z_S1A_30_v1.0/OPERA_L2_RTC-S1_T014-028627-IW2_20170803T155616Z_20250923T144225Z_S1A_30_v1.0_VH.tif,opera_burst_files\OPERA_L2_RTC-S1_T014-028627-IW2_20170803T155616Z_20250923T144225Z_S1A_30_v1.0_VH.tif,False,True
OPERA_L2_RTC-S1_T014-028627-IW2_20170722T155615Z_20250922T224805Z_S1A_30_v1.0,additional,OPERA_L2_RTC-S1_T014-028627-IW2_20170722T155615Z_20250922T224805Z_S1A_30_v1.0_VH.tif,https://cumulus.asf.earthdatacloud.nasa.gov/OPERA/OPERA_L2_RTC-S1/OPERA_L2_RTC-S1_T014-028627-IW2_20170722T155615Z_20250922T224805Z_S1A_30_v1.0/OPERA_L2_RTC-S1_T014-028627-IW2_20170722T155615Z_20250922T224805Z_S1A_30_v1.0_VH.tif,opera_burst_files\OPERA_L2_RTC-S1_T014-028627-IW2_20170722T155615Z_20250922T224805Z_S1A_30_v1.0_VH.tif,False,True
OPERA_L2_RTC-S1_T014-028627-IW2_20170710T155615Z_20250924T114043Z_S1A_30_v1.0,additional,OPERA_L2_RTC-S1_T014-028627-IW2_20170710T155615Z_20250924T114043Z_S1A_30_v1.0_VH.tif,https://cumulus.asf.earthdatacloud.nasa.gov/OPERA/OPERA_L2_RTC-S1/OPERA_L2_RTC-S1_T014-028627-IW2_20170710T155615Z_20250924T114043Z_S1A_30_v1.0/OPERA_L2_RTC-S1_T014-028627-IW2_20170710T155615Z_20250924T114043Z_S1A_30_v1.0_VH.tif,opera_burst_files\OPERA_L2_RTC-S1_T014-028627-IW2_20170710T155615Z_20250924T114043Z_S1A_30_v1.0_VH.tif,False,True
OPERA_L2_RTC-S1_T014-028627-IW2_20170628T155614Z_20250925T140643Z_S1A_30_v1.0,additional,OPERA_L2_RTC-S1_T014-028627-IW2_20170628T155614Z_20250925T140643Z_S1A_30_v1.0_VH.tif,https://cumulus.asf.earthdatacloud.nasa.gov/OPERA/OPERA_L2_RTC-S1/OPERA_L2_RTC-S1_T014-028627-IW2_20170628T155614Z_20250925T140643Z_S1A_30_v1.0/OPERA_L2_RTC-S1_T014-028627-IW2_20170628T155614Z_20250925T140643Z_S1A_30_v1.0_VH.tif,opera_burst_files\OPERA_L2_RTC-S1_T014-028627-IW2_20170628T155614Z_20250925T140643Z_S1A_30_v1.0_VH.tif,False,True
OPERA_L2_RTC-S1_T014-028627-IW2_20170616T155613Z_20250926T050602Z_S1A_30_v1.0,additional,OPERA_L2_RTC-S1_T014-028627-IW2_20170616T155613Z_20250926T050602Z_S1A_30_v1.0_VH.tif,https://cumulus.asf.earthdatacloud.nasa.gov/OPERA/OPERA_L2_RTC-S1/OPERA_L2_RTC-S1_T014-028627-IW2_20170616T155613Z_20250926T050602Z_S1A_30_v1.0/OPERA_L2_RTC-S1_T014-028627-IW2_20170616T155613Z_20250926T050602Z_S1A_30_v1.0_VH.tif,opera_burst_files\OPERA_L2_RTC-S1_T014-028627-IW2_20170616T155613Z_20250926T050602Z_S1A_30_v1.0_VH.tif,False,True
OPERA_L2_RTC-S1_T014-028627-IW2_20170604T155613Z_20250926T202029Z_S1A_30_v1.0,additional,OPERA_L2_RTC-S1_T014-028627-IW2_20170604T155613Z_20250926T202029Z_S1A_30_v1.0_VH.tif,https://cumulus.asf.earthdatacloud.nasa.gov/OPERA/OPERA_L2_RTC-S1/OPERA_L2_RTC-S1_T014-028627-IW2_20170604T155613Z_20250926T202029Z_S1A_30_v1.0/OPERA_L2_RTC-S1_T014-028627-IW2_20170604T155613Z_20250926T202029Z_S1A_30_v1.0_VH.tif,opera_burst_files\OPERA_L2_RTC-S1_T014-028627-IW2_20170604T155613Z_20250926T202029Z_S1A_30_v1.0_VH.tif,False,True
